AEAB80,FG-AD,PD63001058,FS63-001799,TE75,Packer_1,SO63001985,"1,589.70","1,589.70","1,589.00",0.7,1,0.044,Pass,0.82,0,0,"1,005.27","1,005.27",30/3/2020,3/4/2020,2,5,11
AEAB80,FG-AD,PD63001127,FS63-001986,TE75,21HM500-1,SO63002144,"5,014.00","4,894.00","4,859.00",35,0.5,0.715,Fail,4.008,"9,356.68","4,593.39","1,080.48","15,030.55",2/4/2020,15/4/2020,1,14,17
AEAO19853,FG-AD-SER,PD63001106,FS63-001951,TE75,21HM200-4,SO63002093,"10,300.00","10,300.00","9,920.00",380,0.5,3.689,Fail,7.171,"9,065.42","1,179.46",127,"10,371.88",2/4/2020,17/4/2020,3,16,22
AEAO19853,FG-AD-SER,PD63001107,FS63-001952,TE75,21HM200-4,SO63002093,"10,300.86","9,871.06","7,596.80","2,274.26",0.5,23.04,Fail,25.348,"24,391.15","3,560.52",122.71,"28,074.38",2/4/2020,17/4/2020,3,16,22
AEAR19079,FG-AD,PD63001489,FS63-002629,OT,RESALE,SO63002774,20,20,20,0,3.1,0,Pass,4.281,433.499,248.571,0,682.07,28/4/2020,29/4/2020,1,2,2
AEAS300,FG-AD,PD63001287,FS63-002225,TWIN-L,21HM200-4,SO63002427,"1,010.00","1,010.00","1,010.00",0,1,0,Pass,-13.33,"-11,241.00",-975.913,0,"-12,216.91",14/4/2020,20/4/2020,1,7,12
AEAS300,FG-AD,PD63001288,FS63-002226,TWIN-L,21HM200-4,SO63002427,510,510,506.2,3.8,2.1,0.745,Pass,-13.686,"-5,975.30",-311.013,0,"-6,286.31",14/4/2020,20/4/2020,1,7,12
AEAS300,FG-AD,PD63001313,FS63-002251,TWIN-L,21HM200-4,SO63002451,"1,014.30","1,014.30","1,005.00",9.3,1,0.917,Pass,-10.44,"-10,078.52","-1,919.37","2,477.18","-9,520.71",14/4/2020,20/4/2020,1,7,8
AELM17833,FG-AD,PD63001078,FS63-001852,TWIN-L,21HM200-1,SO63002040,272.767,272.767,269.9,2.867,2.1,1.051,Pass,-8.127,"-6,724.96",-904.34,"1,660.04","-5,969.26",6/4/2020,10/4/2020,2,5,17
AELM17833,FG-AD,PD63001079,FS63-001853,TWIN-L,21HM200-5,SO63002040,"1,361.90","1,361.90","1,348.30",13.6,1,0.999,Pass,-9.978,"-39,418.22","-2,608.01","5,415.54","-36,610.70",15/4/2020,20/4/2020,1,6,27
AEMR4164,FG-AD,PD63001054,FS63-001786,TWIN-L,21HM75-1,SO63001986,13.4,13.4,12.8,0.6,3.1,4.478,Fail,108.295,"1,107.18",5.15,361.499,"1,473.83",26/3/2020,3/4/2020,1,9,12
AEMR4164,FG-AD,PD63001214,FS63-002080,TWIN-L,21HM200-1,SO63002256,53.8,53.8,51.5,2.3,3.1,4.275,Fail,45.69,"1,463.70",-322.819,"1,360.94","2,501.82",3/4/2020,14/4/2020,1,12,13
AEMR4164,FG-AD,PD63001276,FS63-002193,TWIN-L,21HM200-4,SO63002313,106.5,106.5,104.9,1.6,2.1,1.502,Pass,-15.792,"-1,804.10",-116.712,159.485,"-1,761.33",15/4/2020,21/4/2020,1,7,14
AEOA20440,FG-AD,PD63001400,FS63-002447,TWIN-L,21HM200-4,SO63002644,50,50,49.2,0.8,3.1,1.6,Pass,49.21,"3,504.46",429.355,0,"3,933.81",22/4/2020,25/4/2020,1,4,4
AEOB16776,FG-AD,PD63001190,FS63-002038,TWIN-L,21HM200-4,SO63002181,306.2,306.2,304.2,2,2.1,0.653,Pass,-23.276,"-7,856.53",-691.071,257.58,"-8,290.02",10/4/2020,15/4/2020,1,6,15
AEPA13599,FG-AD,PD63001059,FS63-001801,TE75,21HM200-4,SO63001985,"5,300.00","5,210.00","5,187.00",23,0.5,0.441,Pass,0.809,313.257,"2,422.48",0,"2,735.73",6/4/2020,17/4/2020,1,12,25
AEPA182,FG-AD,PD63001024,FS63-001731,TWIN-L,Packer_1,SO63001891,101,101,100.8,0.2,2.1,0.198,Pass,3.007,0,0,381.916,381.916,1/4/2020,3/4/2020,1,3,17
AEPF18079,FG-AD,PD63001332,FS63-002305,OT,21TM100-1,SO63002516,505.9,505.9,504.8,1.1,2.1,0.217,Pass,-14.039,"-23,775.48","-1,245.14","1,922.89","-23,097.73",17/4/2020,28/4/2020,2,12,14
AESA254,FG-AD,PD63001060,FS63-001802,TWIN-L,21HM200-1,SO63001985,"1,005.10","1,005.10",993.3,11.8,1,1.174,Fail,5.288,"3,758.59","1,059.72",518.106,"5,336.41",3/4/2020,10/4/2020,1,8,18
AESB16152,FG-AD,PD63000652,FS63-001109,TE75,21HM200-2,SO63001241,"13,300.00","13,204.00","12,769.30",434.7,0.5,3.292,Fail,-1.8,"-32,391.80","17,514.02",0,"-14,877.78",6/4/2020,17/4/2020,2,12,57
AESB16152,FG-AD,PD63001252,FS63-002148,TE75,21HM200-2,SO63002346,"4,319.30","4,199.30","4,170.60",28.7,0.5,0.683,Fail,-1.631,"-6,771.14","1,119.84","1,248.97","-4,402.33",22/4/2020,29/4/2020,2,8,24
AESB79,FG-AD,PD63001162,FS63-002002,TWIN-L,21HM200-4,SO63002169,810,810,785.6,24.4,1,3.012,Fail,-14.492,"-14,191.80",372.503,0,"-13,819.29",3/4/2020,14/4/2020,7,12,15
AESB9799,FG-AD,PD63000727,FS63-001271,TWIN-L,21HM200-1,SO63001377,"1,008.90","1,008.90","1,000.00",8.9,1,0.882,Pass,-23.523,"-21,958.56","-1,564.00",286.462,"-23,236.10",7/4/2020,10/4/2020,1,4,43
AESB9799,FG-AD,PD63000728,FS63-001272,TWIN-L,21HM200-1,SO63001377,"1,008.00","1,008.00",990,18,1,1.786,Fail,-21.76,"-20,570.34",-709.135,0,"-21,279.47",7/4/2020,15/4/2020,3,9,48
AEUV13233,FG-AD,PD63001209,FS63-002064,TE75,21HM500-1,SO63002237,"5,865.30","5,835.30","5,795.40",39.9,0.5,0.684,Fail,-1.949,"-14,325.21","-48,682.74","51,538.18","-11,469.76",22/4/2020,28/4/2020,2,7,27
AEUV20739,FG-AD,PD63001335,FS63-002315,TWIN-L,21HM200-5,SO63002438,50,50,49.3,0.7,3.1,1.4,Pass,27.801,"1,957.89",218.405,-351.055,"1,825.24",17/4/2020,21/4/2020,1,5,7
AEUV662,FG-AD,PD63000884,FS63-001520,TE96,21HM200-5,SO63001643,"12,219.30","12,219.30","12,166.37",52.93,0.5,0.433,Pass,-4.773,"-43,090.49","-2,788.40","-15,373.17","-61,252.05",14/4/2020,22/4/2020,2,9,44
AEUV662,FG-AD,PD63000885,FS63-001521,TE96,21HM200-4,SO63001643,"10,116.37","10,071.37","9,965.50",105.87,0.5,1.051,Fail,-3.946,"-34,331.43","2,710.77","-9,859.15","-41,479.81",21/4/2020,25/4/2020,2,5,47
AHNU7131,FG-AD,PD63000906,FS63-001553,TWIN-L,21HM200-1,SO63001695,"1,010.70","1,010.70","1,001.80",8.901,1,0.881,Pass,-33.205,"-43,009.10","-3,558.10",784.503,"-45,782.70",6/4/2020,16/4/2020,1,11,37
AHNU7131,FG-AD,PD63001072,FS63-001845,TWIN-L,21HM200-1,SO63002021,"1,010.00","1,010.00","1,001.80",8.2,1,0.812,Pass,-33.319,"-42,761.66","-3,178.80",0,"-45,940.46",7/4/2020,17/4/2020,2,11,24
AHNU7131,FG-AD,PD63001073,FS63-001846,TWIN-L,21HM200-1,SO63002021,205,205.001,205,0.001,2.1,0,Pass,-33.819,"-8,747.30",-794.466,0,"-9,541.76",7/4/2020,17/4/2020,1,11,24
ANAO21281,FG-AD,PD63000750,FS63-001311,TWIN-L,21HM200-4,SO63001445,420,420,397.5,22.5,2.1,5.357,Fail,17.663,"12,459.47","6,674.91",0,"19,134.38",20/4/2020,28/4/2020,1,9,58
APAB14040,TRADE-AD,PD63000895,FS63-001542,TWIN-L,21HM200-1,SO63001704,"1,010.00","1,010.00","1,010.00",0,1,0,Pass,-44.129,"-42,444.01","-4,624.09","1,827.10","-45,241.00",3/4/2020,21/4/2020,2,19,43
APAB14040,TRADE-AD,PD63000896,FS63-001543,TWIN-L,21HM200-1,SO63001704,"1,010.00","1,010.00","1,000.00",10,1,0.99,Pass,10.162,"8,816.74","1,498.33",0,"10,315.07",3/4/2020,21/4/2020,2,19,43
APAB14040,TRADE-AD,PD63000897,FS63-001544,TWIN-L,21HM200-4,SO63001704,560,560,494.1,65.9,1,11.768,Fail,1.604,"-2,564.79","3,369.15",0,804.354,17/4/2020,20/4/2020,1,4,42
APAO21424,FG-AD,PD63001100,FS63-001933,TWIN-L,21HM200-1,SO63002102,105.2,105.2,104.6,0.6,2.1,0.57,Pass,10.375,274.748,-670.345,"1,504.11","1,108.51",8/4/2020,10/4/2020,1,3,16
APAS5134,FG-AD,PD63001087,FS63-001903,TWIN-L,21HM200-5,SO63002082,27.7,27.7,27.2,0.5,3.1,1.805,Pass,170.452,"3,284.07",-765.067,"2,416.50","4,935.50",30/3/2020,3/4/2020,1,5,9
APED20396,FG-AD-SER,PD63001355,FS63-002351,TWIN-L,25PM500-1,SO63002580,498.7,499.754,485.8,13.954,2.1,2.792,Fail,95.505,"12,586.77","1,846.76",5,"14,438.53",21/4/2020,29/4/2020,1,9,13
APPA17259,FG-AD,PD63000968,FS63-001654,TWIN-L,21HM200-4,SO63001809,"2,015.20","2,015.20","2,005.90",9.3,1,0.461,Pass,-4.116,"-6,500.46","-2,269.47","2,724.13","-6,045.80",9/4/2020,20/4/2020,1,12,35
APPA17259,FG-AD,PD63000969,FS63-001655,TWIN-L,21HM200-4,SO63001809,"2,015.00","2,015.00","2,005.90",9.1,1,0.452,Pass,-5.483,"-7,545.97",-507.703,0,"-8,053.67",9/4/2020,20/4/2020,1,12,35
APSA17288,FG-AD,PD63001161,FS63-002001,TWIN-L,21HM200-1,SO63002168,510,510,506.7,3.3,2.1,0.647,Pass,-6.039,"-2,225.16",-178.393,0,"-2,403.55",3/4/2020,10/4/2020,1,8,11
APUV17511,FG-AD,PD63001130,FS63-000880,TE75,21HM200-4,PD63000515,"5,615.30","5,615.30","5,261.20",354.1,0.5,6.306,Fail,17.691,"7,805.70","1,236.07","127,781.71","136,823.49",1/4/2020,8/4/2020,6,8,10
APUV19427,FG-AD,PD63001052,FS63-001784,TWIN-L,21HM200-1,SO63001974,205.2,205.2,204,1.2,2.1,0.585,Pass,-1.765,-597.149,-102.523,265.407,-434.265,2/4/2020,9/4/2020,1,8,18
APUV19427,FG-AD,PD63001227,FS63-002109,TWIN-L,21HM200-1,SO63002281,229,229,226.7,2.3,2.1,1.004,Pass,1.03,-192.802,"-4,196.61","4,671.03",281.612,10/4/2020,15/4/2020,1,6,13
APUV19427,FG-AD,PD63001263,FS63-002167,TWIN-L,21HM500-1,SO63002360,305.7,305.7,303.2,2.5,2.1,0.818,Pass,5.656,"1,649.98",213.883,205.087,"2,068.95",22/4/2020,29/4/2020,1,8,23
APUV21089-2,TEST,PD63001131,FS63-001091,TE75,21HM200-5,PD63000639,"2,000.00","2,000.00","1,570.00",430,1,21.5,Fail,40.071,"5,017.65",303.356,"66,103.95","71,424.95",1/4/2020,22/4/2020,1,22,24
APUV5836,FG-AD,PD63000975,FS63-001661,TWIN-L,21HM200-5,SO63001816,"1,012.80","1,012.80","1,005.60",7.2,1,0.711,Pass,-16.487,"-31,012.91","-1,605.50",541.714,"-32,076.70",31/3/2020,6/4/2020,4,7,21
APUV5836,FG-AD,PD63001264,FS63-002168,TWIN-L,21HM200-1,SO63002383,926.33,926.33,912.5,13.83,1,1.493,Fail,-18.752,"-32,772.13","-1,377.03","1,044.73","-33,104.42",8/4/2020,14/4/2020,1,7,8
APUV5836,FG-AD,PD63001265,FS63-002169,TWIN-L,21HM200-4,SO63002383,"1,012.50","1,012.50","1,000.00",12.5,1,1.235,Fail,-15.087,"-29,553.23","-2,053.53","2,418.37","-29,188.40",15/4/2020,22/4/2020,1,8,16
APUV5836,FG-AD,PD63001266,FS63-002170,TWIN-L,21HM200-4,SO63002383,610,610,607.7,2.3,1,0.377,Pass,-9.501,"-10,814.25",-356.195,0,"-11,170.44",15/4/2020,21/4/2020,2,7,15
ASAO15974,FG-AD-SER,PD63001077,FS63-001851,TWIN-L,21HM200-5,SO63002038,"1,000.00","1,000.00",990,10,1,1,Pass,-63.077,"-33,331.79","-2,767.66",0,"-36,099.46",1/4/2020,7/4/2020,2,7,14
ATED16740,FG-AD,PD63001232,FS63-002114,TWIN-L,21HM200-1,SO63002292,306.3,306.3,284.8,21.5,2.1,7.019,Fail,14.145,"3,114.38","2,639.85",191.886,"5,946.12",6/4/2020,22/4/2020,3,17,20
ATUV60,FG-AD,PD63001132,FS63-001228,TWIN-L,21HM200-5,PD63000689,710.7,710.7,696.4,14.3,1,2.012,Fail,15.18,"-16,421.88","-1,331.33","47,074.86","29,321.65",1/4/2020,3/4/2020,2,3,5
AZOB19547,FG-AD-SER,PD63001222,FS63-002101,OT,21HM200-4,SO63002266,909.091,909.091,883.8,25.291,1,2.782,Fail,92.476,"5,348.48","1,349.04",9.09,"6,706.62",13/4/2020,21/4/2020,2,9,19
CABL19934,FG-CO-SER,PD63000936,FS63-001596,TWIN-L,21HM200-5,SO63001742,127.812,139.671,127.2,12.471,2.1,8.929,Fail,70.11,"3,403.89",542.064,"1,661.05","5,607.01",20/3/2020,17/4/2020,2,29,37
CABL19934,FG-CO-SER,PD63001208,FS63-002063,TWIN-L,21HM200-5,SO63002215,130,136.284,123.2,13.084,2.1,9.601,Fail,183.402,"12,641.33",387.974,"1,176.93","14,206.24",2/4/2020,13/4/2020,4,12,12
CPBL19917,FG-CO-SER,PD63001117,FS63-001967,TWIN-L,21HM200-4,SO63002115,155,158.377,153.5,4.877,2.1,3.079,Fail,122.899,"3,664.53",440.98,"7,643.68","11,749.18",27/3/2020,9/4/2020,2,14,14
CPBL19917,FG-CO-SER,PD63001146,FS63-001593,TWIN-L,21HM200-5,PD63000933,158.9,158.9,152.1,6.8,2.1,4.279,Fail,137.549,-179.277,12.811,"13,196.27","13,029.80",1/4/2020,17/4/2020,2,17,19
CPBL20112,FG-CO,PD63001279,FS63-002196,TWIN-L,21HM200-5,SO63002409,105.9,105.9,103.5,2.4,2.1,2.266,Fail,-4.96,"-1,185.28",47.29,608.494,-529.5,16/4/2020,22/4/2020,1,7,15
CPGY387,FG-CO,PD63001284,FS63-002208,TWIN-L,21HM200-1,SO63002419,210,210,205.2,4.8,2.1,2.286,Fail,93,"20,069.90","2,173.28",0,"22,243.18",9/4/2020,28/4/2020,2,20,20
CPGY387,FG-CO,PD63001327,FS63-002298,TWIN-L,21HM200-4,SO63002512,105,105,97.8,7.2,2.1,6.857,Fail,58.227,"5,673.70",963.747,0,"6,637.44",15/4/2020,27/4/2020,1,13,14
CPGY387-Mini,FG-CO,PD63001349,FS63-002344,TWIN-L,21HM200-1,SO63002552,"2,221.72","2,223.49","2,200.00",23.487,0.5,1.056,Fail,53.851,"124,609.91","12,728.45",558.59,"137,896.96",17/4/2020,27/4/2020,4,11,12
CPTC21190,TRADE-FL,PD63001173,FS63-002021,TWIN-L,21TM500-2,SO63002194,"2,001.30","2,001.30","1,988.60",12.7,1,0.635,Pass,-9.717,949.096,"1,114.43","-10,532.32","-8,468.80",2/4/2020,7/4/2020,2,6,7
CPTC21394,TRADE-CO,PD63000577,FS63-001003,TWIN-L,21TM500-2,SO63001124,"7,530.00","7,530.00","7,525.00",5,0.5,0.066,Pass,-24.093,"2,828.36","-2,101.13","-79,638.13","-78,910.89",27/3/2020,2/4/2020,1,7,45
CPTC21394,TRADE-CO,PD63000578,FS63-001004,TWIN-L,21TM500-2,SO63001124,"7,530.00","7,530.00","7,525.00",5,0.5,0.066,Pass,-23.268,"7,447.33","1,986.01","-85,641.79","-76,208.45",30/3/2020,6/4/2020,1,8,49
CPTC21394,TRADE-CO,PD63000579,FS63-001005,TWIN-L,21TM500-2,SO63001124,"7,515.00","7,515.00","7,500.00",15,0.5,0.2,Pass,-22.285,"9,499.48","3,106.61","-85,353.92","-72,747.83",2/4/2020,9/4/2020,2,8,52
CPTC21394,TRADE-CO,PD63000580,FS63-001006,TWIN-L,21TM500-2,SO63001124,"7,515.00","7,515.00","7,414.40",100.6,0.5,1.339,Fail,-15.863,"25,536.55","7,623.19","-84,351.11","-51,191.37",3/4/2020,15/4/2020,2,13,58
CPTC21394,TRADE-CO,PD63000581,FS63-001007,TWIN-L,21TM500-2,SO63001124,"7,714.40","7,714.40","7,685.50",28.9,0.5,0.375,Pass,-28.119,"-9,472.00","-3,277.01","-81,312.94","-94,061.95",7/4/2020,20/4/2020,1,14,63
CSAS21652,FG-CO-SER,PD63000977,FS63-001663,TWIN-L,Packer_1,SO63001820,536.7,536.7,536.7,0,2.1,0,Pass,1.137,0,0,356.715,356.715,6/4/2020,8/4/2020,1,3,23
CSAS21652,FG-CO-SER,PD63001371,FS63-001663,TWIN-L,Packer_1,PD63000977,45.2,45.2,45.2,0,3.1,0,Pass,9.002,0,0,237.813,237.813,20/4/2020,25/4/2020,4,6,6
CSAS21652-1,TEST,PD63000976,FS63-001662,TWIN-L,21HM200-5,SO63001820,600,600,581.9,18.1,1,3.017,Fail,-67.946,"-21,229.19","-1,885.93",5.88,"-23,109.24",30/3/2020,22/4/2020,3,24,37
CSNA750,FG-AD,PD63001194,FS63-002046,TWIN-L,21HM200-4,SO63002214,105.3,105.3,96.7,8.6,2.1,8.167,Fail,-39.335,"-3,254.23",-95.981,191.027,"-3,159.18",20/4/2020,28/4/2020,1,9,28
GENA17539,FG-GD,PD63001197,FS63-002049,GRINDER_1,25PM500-1,SO63002227,"1,008.00","1,008.00","1,000.00",8,1,0.794,Pass,2.033,42.28,341.43,248.983,632.693,1/4/2020,6/4/2020,5,6,6
GENA19300,FG-GD,PD63001454,FS63-002551,OT,25PM500-2,SO63002717,"2,035.40","2,035.40","2,035.40",0,1,0,Pass,-0.22,-88.52,-461.849,379.374,-170.995,27/4/2020,28/4/2020,1,2,5
GENA21632,FG-GD-SER,PD63000816,FS63-001397,OT,25PM500-1,SO63001497,"7,500.00","7,500.00","7,500.00",0,0.5,0,Pass,-4.946,-343.247,-298.751,75,-566.998,25/3/2020,1/4/2020,1,8,28
GENA21632,FG-GD-SER,PD63000817,FS63-001398,OT,25PM500-1,SO63001497,"7,500.00","7,500.00","7,500.00",0,0.5,0,Pass,2.521,114.417,99.584,75,289.001,26/3/2020,8/4/2020,3,14,35
GENA21632,FG-GD-SER,PD63000818,FS63-001399,OT,25PM500-1,SO63001497,"7,500.00","7,500.00","7,500.00",0,0.5,0,Pass,2.521,114.417,99.584,75,289.001,30/3/2020,9/4/2020,2,11,36
GENA21632,FG-GD-SER,PD63000819,FS63-001400,OT,25PM500-1,SO63001497,"7,500.00","7,500.00","7,500.00",0,0.5,0,Pass,-1.39,-125.307,-109.068,75,-159.375,3/4/2020,16/4/2020,3,14,43
GENA21632,FG-GD-SER,PD63000820,FS63-001401,OT,25PM500-1,SO63001497,"7,500.00","7,500.00","7,500.00",0,0.5,0,Pass,-1.212,-114.415,-99.584,75,-138.999,6/4/2020,20/4/2020,4,15,47
GENA21632,FG-GD-SER,PD63000821,FS63-001402,OT,25PM500-1,SO63001497,"6,450.00","6,450.00","6,060.00",390,0.5,6.047,Fail,27.435,"1,324.24","1,152.58",64.5,"2,541.32",9/4/2020,20/4/2020,1,12,47
MAWH17025,FG-COL-WH,PD63001076,FS63-001850,TWIN-L,21HM200-4,SO63002036,50,50,47.1,2.9,3.1,5.8,Fail,111.654,"5,397.89",672.632,0,"6,070.52",26/3/2020,3/4/2020,1,9,10
MAWH17025,FG-COL-WH,PD63001296,FS63-002234,TWIN-L,21HM200-1,SO63002445,300,300,293.7,6.3,2.1,2.1,Pass,-27.627,"-8,967.81",-398.429,0,"-9,366.24",13/4/2020,17/4/2020,1,5,9
MBBK18054,FG-BLACK,PD63001202,FS63-002054,TWIN-L,21HM200-3,SO63002239,500,500,487.4,12.6,2.1,2.52,Fail,2.523,-21.397,"12,931.16",0,"12,909.76",13/4/2020,20/4/2020,1,8,20
MCBL18208,FG-COLOUR,PD63001275,FS63-002192,TWIN-L,21HM75-1,SO63002404,25,25.002,24.2,0.802,3.1,3.208,Fail,30.745,"1,105.12",198.405,0,"1,303.52",15/4/2020,20/4/2020,1,6,13
MEBK182,FG-BLACK,PD63001094,FS63-001927,OT,Packer_1,SO63002085,"10,024.20","10,024.20","10,024.20",0,0.5,0,Pass,-1.577,"-5,689.82","-4,593.58","1,365.53","-8,917.88",26/3/2020,8/4/2020,8,14,14
MEBK962,FG-BLACK,PD63001095,FS63-001928,TWIN-L,21HM200-1,SO63002056,"1,010.00","1,010.00","1,010.00",0,1,0,Pass,-38.294,"-53,391.24","-5,812.78",600.175,"-58,603.85",7/4/2020,29/4/2020,1,23,35
MEBK962,FG-BLACK,PD63001096,FS63-001929,TWIN-L,21HM200-1,SO63002056,"1,010.00","1,010.00","1,010.00",0,1,0,Pass,-38.793,"-53,393.59","-5,166.40",-808,"-59,367.99",7/4/2020,28/4/2020,1,22,34
MEBL11211,FG-COLOUR,PD63001290,FS63-002228,TWIN-L,21HM200-3,SO63002435,155.3,163.454,161.7,1.754,2.1,1.073,Pass,12.516,"1,542.13",-751.94,"1,883.74","2,673.93",13/4/2020,25/4/2020,3,13,17
MEBL11856,FG-COLOUR,PD63001346,FS63-002341,TWIN-L,21TM500-2,SO63002563,508.2,508.2,508.2,0,2.1,0,Pass,-13.981,"-6,809.60",-794.293,327.704,"-7,276.19",18/4/2020,23/4/2020,1,6,8
MEBL12209,FG-COLOUR,PD63001153,FS63-001993,TWIN-L,21HM200-1,SO63002147,102.9,108.318,107.7,0.618,2.1,0.571,Pass,-14.442,"1,088.36",-435.882,"-3,329.04","-2,676.56",1/4/2020,25/4/2020,2,25,27
MEBL12209,FG-COLOUR,PD63001336,FS63-002317,TWIN-L,21TM500-1,SO63002521,250,292.291,289.1,3.191,2.1,1.092,Pass,-10.912,"-6,346.33","-1,607.35","2,525.44","-5,428.24",20/4/2020,29/4/2020,1,10,15
MEBL12721,FG-COLOUR,PD63001172,FS63-002020,TWIN-L,Packer_1,SO63002203,58.7,58.7,58.5,0.2,3.1,0.341,Pass,-3.357,0,0,-332.063,-332.063,1/4/2020,3/4/2020,1,3,3
MEBL13281,FG-COLOUR,PD63001215,FS63-002094,TWIN-L,21HM200-2,SO63002258,105.1,105.1,105.1,0,2.1,0,Pass,4.046,705.983,-258.407,436.749,884.325,6/4/2020,15/4/2020,2,10,14
MEBL14052,FG-COLOUR,PD63001125,FS63-001977,TWIN-L,21HM200-2,SO63002141,52.299,62.407,61.1,1.307,3.1,2.094,Pass,147.055,"8,351.91",765.126,138.238,"9,255.27",3/4/2020,17/4/2020,2,15,19
MEBL14166,FG-COLOUR,PD63001168,FS63-002015,TWIN-L,21HM75-1,SO63002205,50,50,48.9,1.1,3.1,2.2,Pass,25.834,"1,487.06",294.048,0,"1,781.11",1/4/2020,6/4/2020,1,6,7
MEBL1601,FG-COLOUR,PD63001251,FS63-002147,TWIN-L,21HM200-3,SO63002348,150.5,150.5,147.4,3.1,2.1,2.06,Pass,8.133,"1,523.44",850.466,103.32,"2,477.22",8/4/2020,22/4/2020,1,15,17
MEBL17836,FG-COLOUR,PD63001293,FS63-002231,TWIN-L,21HM200-2,SO63002439,305,311.247,307.2,4.047,2.1,1.3,Pass,-5.263,"-2,656.87",94.76,0,"-2,562.11",23/4/2020,29/4/2020,1,7,21
MEBL17895,FG-COLOUR,PD63001305,FS63-002243,TWIN-L,21HM200-2,SO63002455,105.4,105.4,105.4,0,2.1,0,Pass,-12.844,"-3,006.03",-837.507,771.561,"-3,071.97",20/4/2020,23/4/2020,2,4,14
MEBL18624,FG-COLOUR,PD63001160,FS63-002000,TWIN-L,21HM200-2,SO63002162,202.2,202.2,200.3,1.9,2.1,0.94,Pass,-30.003,"-5,966.00","-1,049.26","1,630.70","-5,384.56",1/4/2020,10/4/2020,1,10,11
MEBL18624,FG-COLOUR,PD63001241,FS63-002134,TWIN-L,21HM200-3,SO63002311,400,400,399.3,0.7,2.1,0.175,Pass,-27.299,"-8,958.52",-808.308,0,"-9,766.83",8/4/2020,24/4/2020,2,17,19
MEBL18920,FG-COLOUR,PD63001299,FS63-002237,TWIN-L,21HM200-2,SO63002437,205.9,205.9,202.9,3,2.1,1.457,Pass,-5.438,"-4,010.68",105.279,812.839,"-3,092.56",13/4/2020,27/4/2020,1,15,18
MEBL19479,FG-COLOUR,PD63001098,FS63-001931,TWIN-L,21TM500-1,SO63002063,509.702,509.702,509.7,0.002,2.1,0,Pass,0.765,"1,059.80",-862.714,231.052,428.133,1/4/2020,10/4/2020,1,10,16
MEBL19927,FG-COLOUR,PD63001221,FS63-002100,TWIN-L,21HM200-1,SO63002265,459.4,459.4,456.9,2.5,2.1,0.544,Pass,-25.944,"-11,671.29","-1,188.75",944.87,"-11,915.17",9/4/2020,20/4/2020,1,12,18
MEBL20121,FG-COLOUR,PD63001310,FS63-002248,TWIN-L,21HM200-1,SO63002471,105.4,105.4,104,1.4,2.1,1.328,Pass,-31.521,"-3,205.40",-310.501,330.384,"-3,185.52",13/4/2020,27/4/2020,3,15,15
MEBL20206,FG-COLOUR,PD63001229,FS63-002111,TWIN-L,21HM75-1,SO63002288,25.1,25.1,24.7,0.4,3.1,1.594,Pass,19.385,603.086,139.706,15.845,758.637,7/4/2020,14/4/2020,1,8,12
MEBL20467,FG-COLOUR,PD63001045,FS63-001777,TWIN-L,21HM75-1,SO63001966,27.499,28.33,27.3,1.03,3.1,3.636,Fail,135.24,"4,034.67",506.464,62.343,"4,603.48",26/3/2020,7/4/2020,1,13,16
MEBL21215,FG-COLOUR,PD63001272,FS63-002182,TWIN-L,21HM200-3,SO63002402,104.2,104.2,102,2.2,2.1,2.111,Fail,9.484,300.568,-481.417,"1,327.02","1,146.17",8/4/2020,21/4/2020,2,14,14
MEBL21349,FG-COLOUR,PD63001091,FS63-001910,TWIN-L,21HM75-1,SO63002075,27,31.26,29.7,1.56,3.1,4.99,Fail,139.622,"5,314.15",706.114,0,"6,020.27",1/4/2020,14/4/2020,1,14,20
MEBL21502,FG-COLOUR,PD63001434,FS63-002493,TWIN-L,21HM200-2,SO63002701,105.4,116.956,114.8,2.156,2.1,1.843,Pass,14.862,558.024,-221.526,"1,231.33","1,567.83",24/4/2020,29/4/2020,1,6,7
MEBL21503,FG-COLOUR,PD63001316,FS63-002254,TWIN-L,21HM200-2,SO63002480,80.6,86.621,85.5,1.121,2.1,1.294,Pass,-0.741,"-1,606.60",-528.49,"2,074.38",-60.711,20/4/2020,28/4/2020,2,9,16
MEBL21503,FG-COLOUR,PD63001329,FS63-002301,TWIN-L,21HM200-2,SO63002514,53,56.921,55.6,1.321,3.1,2.321,Pass,-7.977,"-1,230.14",-26.981,832.02,-425.101,20/4/2020,27/4/2020,1,8,13
MEBL21700,FG-COLOUR,PD63001423,FS63-002482,TWIN-L,21HM200-2,SO63002690,50,50,49.7,0.3,3.1,0.6,Pass,72.142,"3,371.65",366.916,0,"3,738.57",23/4/2020,28/4/2020,1,6,6
MEBR21592,FG-COLOUR,PD63001016,FS63-001723,TWIN-L,21HM200-1,SO63001871,"1,010.60","1,062.97","1,040.00",22.969,1,2.161,Fail,-3.577,"22,174.54",598.456,"-27,827.35","-5,054.36",1/4/2020,17/4/2020,2,17,31
MEBR21592,FG-COLOUR,PD63001017,FS63-001724,TWIN-L,21HM200-2,SO63001871,660,694.736,660,34.736,1,5,Fail,6.676,"22,722.14","4,334.29","-21,070.00","5,986.43",1/4/2020,17/4/2020,2,17,31
MEBR5916,FG-COLOUR,PD63001164,FS63-002008,TWIN-L,21HM200-2,SO63002182,53.601,53.601,52.4,1.201,3.1,2.241,Pass,-16.904,"-1,117.18",-208.773,383.174,-942.776,2/4/2020,17/4/2020,2,16,18
MEGN12704,FG-COLOUR,PD63001297,FS63-002235,TWIN-L,21HM200-2,SO63002421,510,701.802,701.802,0,2.1,0,Pass,-51.522,"-37,206.64","-6,497.58","3,268.70","-40,435.52",14/4/2020,29/4/2020,1,16,20
MEGN12704,FG-COLOUR,PD63001380,FS63-002408,TWIN-L,21TM500-1,SO63002631,175,175,172.4,2.6,2.1,1.486,Pass,113.331,"10,573.24",908.828,"10,367.26","21,849.33",23/4/2020,29/4/2020,1,7,10
MEGN15297,FG-COLOUR,PD63001154,FS63-001994,TWIN-L,21HM200-2,SO63002147,104.1,104.1,102.3,1.8,2.1,1.729,Pass,-5.245,-938.069,-549.215,555.379,-931.905,9/4/2020,14/4/2020,1,6,16
MEGN15297,FG-COLOUR,PD63001155,FS63-001995,TWIN-L,21TM500-1,SO63002148,105.3,105.3,104.9,0.4,2.1,0.38,Pass,-3.943,-844.134,-273.624,399.443,-718.315,20/4/2020,25/4/2020,2,6,27
MEGN16795,FG-COLOUR,PD63001128,FS63-001987,TWIN-L,21HM200-2,SO63002144,"1,010.00","1,010.00","1,005.30",4.7,1,0.465,Pass,0.38,-128.616,696.538,0,567.922,20/4/2020,27/4/2020,1,8,29
MEGN17119,FG-COLOUR,PD63001271,FS63-002181,TWIN-L,21TM500-1,SO63002397,180.2,213.804,206.8,7.004,2.1,3.276,Fail,29.901,"7,223.58","3,143.17","1,584.89","11,951.64",8/4/2020,25/4/2020,2,18,18
MEGN17615,FG-COLOUR,PD63001099,FS63-001932,TWIN-L,21HM75-1,SO63002097,25,25.001,24.6,0.401,3.1,1.604,Pass,100.836,"2,265.05",269.634,0,"2,534.68",1/4/2020,9/4/2020,1,9,15
MEGN17615,FG-COLOUR,PD63001104,FS63-001949,TWIN-L,21HM200-3,SO63002099,100,100,99.5,0.5,2.1,0.5,Pass,16.662,"1,467.35",226.681,0,"1,694.03",6/4/2020,23/4/2020,2,18,28
MEGN17628,FG-COLOUR,PD63001118,FS63-001968,TWIN-L,21TM500-1,SO63002127,304.8,304.8,303.1,1.7,2.1,0.558,Pass,-21.861,"-3,026.53",-571.62,"-5,445.56","-9,043.71",2/4/2020,20/4/2020,1,19,22
MEGN18695,FG-COLOUR,PD63001243,FS63-002137,TWIN-L,21HM200-2,SO63002304,50,58.679,57.5,1.179,3.1,2.009,Pass,106.033,"7,652.85",820.95,0,"8,473.80",7/4/2020,22/4/2020,1,16,17
MEGN20,FG-COLOUR,PD63000922,FS63-001582,TWIN-L,21TM500-2,SO63001737,509.7,509.7,508.4,1.3,2.1,0.255,Pass,-2.319,"-3,121.15","-2,472.62","3,006.37","-2,587.40",7/4/2020,15/4/2020,1,9,35
MEGN21338,FG-COLOUR,PD63001085,FS63-001900,TWIN-L,21HM75-1,SO63002075,27.2,29.76,28.4,1.36,3.1,4.57,Fail,209.071,"4,871.84",487.669,206.221,"5,565.73",1/4/2020,16/4/2020,3,16,22
MEGN21443,FG-COLOUR,PD63001105,FS63-001950,TWIN-L,21TM500-1,SO63002099,102.3,104.412,102.3,2.112,2.1,2.023,Pass,22.471,"3,093.08",-313.825,"1,293.23","4,072.49",2/4/2020,22/4/2020,1,21,27
MEGN21591,FG-COLOUR,PD63001021,FS63-001728,TWIN-L,21HM200-2,SO63001871,"1,010.00","1,010.00","1,005.50",4.5,1,0.446,Pass,-54.629,"-25,382.94","-2,377.86","-34,272.68","-62,033.48",1/4/2020,15/4/2020,2,15,29
MEGN21591,FG-COLOUR,PD63001022,FS63-001729,TWIN-L,21HM200-1,SO63001871,"1,010.00","1,010.00","1,005.50",4.5,1,0.446,Pass,-54.292,"-23,123.27","-1,996.33","-36,531.33","-61,650.93",8/4/2020,14/4/2020,1,7,28
MEGN21591,FG-COLOUR,PD63001023,FS63-001730,TWIN-L,21HM200-1,SO63001871,260,260,260,0,2.1,0,Pass,-52.378,"-5,523.58",-409.586,"-9,446.19","-15,379.36",8/4/2020,14/4/2020,1,7,28
MEGN8166,FG-COLOUR,PD63000824,FS63-001405,TWIN-L,21HM200-2,SO63001554,52.9,55.079,54,1.079,3.1,1.959,Pass,4.633,-230.067,-186.055,"1,493.16","1,077.03",1/4/2020,9/4/2020,1,9,36
MEGY12288,FG-COLOUR,PD63001147,FS63-001647,TWIN-L,21HM75-1,PD63000962,25.6,33.447,31.3,2.147,3.1,6.419,Fail,145.015,"2,819.98",-469.642,"2,283.74","4,634.07",1/4/2020,3/4/2020,2,3,5
MEGY14761,FG-COLOUR,PD63001171,FS63-002019,TWIN-L,21HM200-2,SO63002203,53,53,52.5,0.5,3.1,0.943,Pass,-13.366,-950.934,-7.617,75.994,-882.557,7/4/2020,16/4/2020,2,10,16
MEGY18330,FG-COLOUR,PD63001233,FS63-002118,TWIN-L,21HM75-1,SO63002293,25.9,25.9,25.8,0.1,3.1,0.386,Pass,79.338,"1,926.94",31.373,560.178,"2,518.49",7/4/2020,15/4/2020,1,9,13
MEGY19030,FG-COLOUR,PD63001043,FS63-001771,TWIN-L,21HM200-1,SO63001961,510.9,537.627,532,5.627,2.1,1.047,Pass,21.912,"11,291.02","1,121.60","1,280.34","13,692.96",31/3/2020,15/4/2020,1,16,24
MEGY21351,FG-COLOUR,PD63001089,FS63-001908,TWIN-L,21HM75-1,SO63002075,27,30.003,29.2,0.803,3.1,2.676,Pass,85.218,"3,175.27",418.581,0,"3,593.85",30/3/2020,13/4/2020,8,15,19
MEOR15444,FG-COLOUR,PD63000951,FS63-001622,TWIN-L,21TM500-1,SO63001772,105.9,105.9,103.9,2,2.1,1.889,Pass,6.81,457.962,"-1,207.47","2,136.34","1,386.83",27/3/2020,1/4/2020,1,6,17
MEOR16072,FG-COLOUR,PD63001050,FS63-001782,TWIN-L,21TM500-1,SO63001974,"1,010.00","1,010.00","1,009.10",0.9,1,0.089,Pass,-15.006,"-21,228.95","-2,147.97","-2,273.05","-25,649.96",1/4/2020,17/4/2020,2,17,26
MEOR16072,FG-COLOUR,PD63001051,FS63-001783,TWIN-L,21HM200-2,SO63001974,507.701,507.701,505.6,2.101,2.1,0.414,Pass,-29.662,"-22,462.85","-2,258.39",-681.549,"-25,402.79",15/4/2020,25/4/2020,2,11,34
MEOR16151,FG-COLOUR,PD63001397,FS63-002436,TWIN-L,21HM200-2,SO63002584,52.3,61.292,60.3,0.992,3.1,1.618,Pass,210.902,"13,716.91","1,491.02",800.085,"16,008.01",22/4/2020,29/4/2020,1,8,9
MEOR18309,FG-COLOUR,PD63001320,FS63-002259,TWIN-L,21HM200-1,SO63002487,52.801,55.574,55.5,0.074,3.1,0.133,Pass,38.727,"6,119.36",23.19,561.43,"6,703.98",14/4/2020,24/4/2020,1,11,12
MEOR18309,FG-COLOUR,PD63001370,FS63-002395,TWIN-L,21HM75-1,SO63002612,26,27.084,26.7,0.384,3.1,1.418,Pass,41.182,"3,056.79",372.801,0,"3,429.59",21/4/2020,27/4/2020,4,7,8
MEOR18623,FG-COLOUR,PD63001236,FS63-002121,TWIN-L,21HM200-4,SO63002304,100,106.328,104.5,1.828,2.1,1.719,Pass,13.236,"2,676.10",-486.941,"1,049.64","3,238.80",15/4/2020,21/4/2020,1,7,16
MEOR21581,FG-COLOUR,PD63001247,FS63-002142,TWIN-L,21HM200-3,SO63002333,80.1,80.1,79.3,0.8,2.1,0.999,Pass,4.445,757.606,254.304,29.543,"1,041.45",14/4/2020,16/4/2020,2,3,11
MEPK11433,FG-COLOUR,PD63001097,FS63-001930,TWIN-L,21TM500-1,SO63002051,508.2,610.126,608.5,1.626,2.1,0.267,Pass,-35.574,"-2,798.51","-2,288.86","-26,142.00","-31,229.36",1/4/2020,9/4/2020,2,9,15
MEPK19708,FG-COLOUR,PD63001031,FS63-001748,TWIN-L,21HM200-2,SO63001907,50.9,63.4,61.8,1.6,3.1,2.524,Pass,9.433,"3,222.48","-3,303.40","2,460.76","2,379.84",24/3/2020,3/4/2020,2,11,16
MEPK19713,FG-COLOUR,PD63001032,FS63-001749,TWIN-L,21HM200-2,SO63001907,50.1,59.08,57.4,1.68,3.1,2.844,Pass,93.621,"9,444.15",573.802,827.451,"10,845.40",24/3/2020,3/4/2020,2,11,16
MEPK21352,FG-COLOUR,PD63001090,FS63-001909,TWIN-L,21HM75-1,SO63002075,27,27,26.2,0.8,3.1,2.963,Pass,44.577,"1,409.28",231.329,0,"1,640.61",1/4/2020,7/4/2020,1,7,13
MEPK21606,FG-COLOUR,PD63001318,FS63-002257,TWIN-L,21HM75-1,SO63002481,27,27,26.5,0.5,3.1,1.852,Pass,25.511,746.893,138.855,0,885.748,14/4/2020,23/4/2020,2,10,11
MEPK21606,FG-COLOUR,PD63001319,FS63-002258,TWIN-L,21HM75-1,SO63002482,27,27,26.6,0.4,3.1,1.481,Pass,29.03,868.953,142.771,0,"1,011.72",16/4/2020,25/4/2020,2,10,13
MEPK21606,FG-COLOUR,PD63001328,FS63-002300,TWIN-L,21TM500-1,SO63002514,52.501,52.501,52.1,0.401,3.1,0.764,Pass,221.902,"13,896.49","1,253.14",-2.238,"15,147.38",22/4/2020,27/4/2020,3,6,13
MEPK2363,FG-COLOUR,PD63001285,FS63-002211,TWIN-L,21HM75-1,SO63002422,25.5,25.5,25.2,0.3,3.1,1.176,Pass,110.335,"4,762.46","1,785.23",91.387,"6,639.08",9/4/2020,21/4/2020,2,13,13
MEPK4729,FG-COLOUR,PD63001306,FS63-002244,TWIN-L,21HM200-1,SO63002458,51.701,51.701,51.4,0.301,3.1,0.582,Pass,15.857,"1,203.12",-45.563,305.061,"1,462.61",16/4/2020,20/4/2020,1,5,11
MERD18513,FG-COLOUR,PD63001083,FS63-001864,TWIN-L,21TM500-1,SO63002052,510.7,510.7,508.1,2.6,2.1,0.509,Pass,-15.212,"-15,213.70","-1,224.09",147.534,"-16,290.25",27/3/2020,1/4/2020,1,6,8
MERD18795,FG-COLOUR,PD63001114,FS63-001959,TWIN-L,21HM200-1,SO63002104,75,77.298,69.9,7.398,2.1,9.571,Fail,19.441,867.192,597.419,0,"1,464.61",27/3/2020,3/4/2020,1,8,8
MERD19406,FG-COLOUR,PD63001144,FS63-002003,TWIN-L,21HM200-2,SO63002177,52.2,52.2,51.4,0.8,3.1,1.533,Pass,2.52,65.286,68.875,24.503,158.664,1/4/2020,7/4/2020,1,7,8
MERD20130,FG-COLOUR,PD63000788,FS63-001366,TWIN-L,21TM500-1,SO63001529,206,206,205.8,0.2,2.1,0.097,Pass,-4.375,"-1,409.86",-561.086,788.179,"-1,182.76",2/4/2020,20/4/2020,1,19,48
MERD20130,FG-COLOUR,PD63001223,FS63-002104,TWIN-L,21TM500-1,SO63002242,205,205,204.9,0.1,2.1,0.049,Pass,-8.725,"-2,130.62",-217.716,0,"-2,348.34",8/4/2020,22/4/2020,1,15,20
MERD20459,FG-COLOUR,PD63001322,FS63-002270,TWIN-L,21HM200-4,SO63002478,105,105.001,103.7,1.301,2.1,1.239,Pass,1.543,10.615,227.907,136.164,374.686,14/4/2020,22/4/2020,1,9,9
MERD20645,FG-COLOUR,PD63001258,FS63-002159,TWIN-L,21HM200-2,SO63002348,150.1,150.1,146.1,4,2.1,2.665,Fail,-11.378,"-4,708.06",-88.698,954.935,"-3,841.82",23/4/2020,28/4/2020,2,6,22
MERD21075,FG-COLOUR,PD63001213,FS63-002078,TWIN-L,21HM75-1,SO63002245,25,25.001,24.6,0.401,3.1,1.604,Pass,29.66,862.948,158.335,0,"1,021.28",3/4/2020,15/4/2020,1,13,14
MERD21579,FG-COLOUR,PD63001408,FS63-002464,TWIN-L,21TM500-2,SO63002656,105,105,104.7,0.3,2.1,0.286,Pass,47.264,"5,190.98",526.301,0,"5,717.28",23/4/2020,29/4/2020,1,7,8
MERD2270,FG-COLOUR,PD63001167,FS63-002012,TWIN-L,21HM200-2,SO63002203,51.801,51.801,51.1,0.701,3.1,1.353,Pass,31.519,"3,684.65",-783.214,"1,632.82","4,534.25",1/4/2020,17/4/2020,4,17,18
MERD2464,FG-COLOUR,PD63001314,FS63-002252,TWIN-L,21HM200-2,SO63002463,205.6,205.6,199.8,5.8,2.1,2.821,Fail,40.191,"15,743.61","2,880.30",378.625,"19,002.53",16/4/2020,23/4/2020,1,8,11
MERD3968,FG-COLOUR,PD63001063,FS63-001807,TWIN-L,21HM200-1,SO63001993,50,50,49.5,0.5,3.1,1,Pass,45.179,"2,099.63",216.709,0,"2,316.34",26/3/2020,1/4/2020,1,7,9
MERD941,FG-COLOUR,PD63001163,FS63-002004,TWIN-L,21HM200-5,SO63002175,508.9,508.9,504.1,4.8,2.1,0.943,Pass,-13.733,"-7,907.78",-792.563,932.568,"-7,767.77",1/4/2020,7/4/2020,1,7,8
MESV18493,FG-COLOUR,PD63001126,FS63-001981,TWIN-L,21HM75-1,SO63002142,26.201,26.201,25.5,0.701,3.1,2.675,Pass,40.764,"1,079.40",77.831,151.026,"1,308.25",3/4/2020,10/4/2020,1,8,12
MESV18493,FG-COLOUR,PD63001256,FS63-002157,TWIN-L,21HM75-1,SO63002362,26.5,26.5,26.4,0.1,3.1,0.377,Pass,57.038,"1,672.54",159.658,62.928,"1,895.12",14/4/2020,20/4/2020,1,7,14
MEVL18694,FG-COLOUR,PD63001238,FS63-002129,TWIN-L,21HM200-1,SO63002304,50,50.001,48.4,1.601,3.1,3.202,Fail,124.13,"8,886.43","1,004.32",0,"9,890.76",15/4/2020,17/4/2020,1,3,12
MEVL21348,FG-COLOUR,PD63001088,FS63-001907,TWIN-L,21HM75-1,SO63002075,27,32.035,30.6,1.435,3.1,4.479,Fail,154.129,"5,837.62",721.853,0.028,"6,559.50",1/4/2020,15/4/2020,1,15,21
MEVL25,FG-COLOUR,PD63000965,FS63-001650,TWIN-L,21TM500-1,SO63001800,609.4,609.4,608.5,0.9,1,0.148,Pass,-13.366,"-19,499.08","-3,582.25","5,212.03","-17,869.30",3/4/2020,14/4/2020,1,12,29
MEVL25,FG-COLOUR,PD63001120,FS63-001971,TWIN-L,21TM500-1,SO63002127,308.5,308.5,307,1.5,2.1,0.486,Pass,-8.159,"-5,663.30","-1,707.45","1,867.51","-5,503.23",20/4/2020,27/4/2020,1,8,29
MEWH1,FG-COL-WH,PD63001030,FS63-001747,TWIN-L,21HM200-4,SO63001912,205,205,199.7,5.3,2.1,2.585,Fail,0.085,-287.336,305.747,0,18.411,30/3/2020,3/4/2020,1,5,16
MEWH17578,FG-COL-WH,PD63000557,FS63-000970,TE75,21HM500-1,SO63001053,"7,800.00","7,800.00","7,750.00",50,0.5,0.641,Fail,-1.553,"-4,298.46",639.423,0,"-3,659.04",23/3/2020,2/4/2020,2,11,46
MEWH17578,FG-COL-WH,PD63000558,FS63-000971,TE75,21HM500-1,SO63001053,"4,016.63","4,016.63","4,000.00",16.631,0.5,0.414,Pass,-1.735,"-2,261.97",152.506,0,"-2,109.46",24/3/2020,3/4/2020,3,11,47
MEWH17578,FG-COL-WH,PD63000559,FS63-000972,TE75,21HM500-1,SO63001053,"9,900.00","9,900.00","9,875.00",25,0.5,0.253,Pass,-1.75,"-5,211.88",-42.254,0,"-5,254.13",26/3/2020,2/4/2020,2,8,46
MEWH21350,FG-COLOUR,PD63001092,FS63-001911,TWIN-L,21HM200-5,SO63002075,26.3,26.3,25.8,0.5,3.1,1.901,Pass,35.005,"1,179.61",61.613,208.708,"1,449.93",30/3/2020,7/4/2020,2,9,13
MEWH491,TRADE-C-WH,PD63001152,FS63-001992,TE75,21HM500-1,SO63002146,"3,300.00","3,255.00","3,241.20",13.8,0.5,0.424,Pass,-15.676,"-17,895.21","-1,690.92","-24,006.03","-43,592.16",14/4/2020,24/4/2020,3,11,26
MEWH7729,FG-COL-WH,PD63001166,FS63-002011,TWIN-L,21HM200-1,SO63002200,105.801,105.801,104.1,1.701,2.1,1.608,Pass,-13.847,"-2,930.54",-432.809,701.686,"-2,661.66",3/4/2020,10/4/2020,1,8,11
MEWH9805,FG-COL-WH,PD63001185,FS63-002033,TWIN-L,21HM200-4,SO63002179,105.4,105.4,103.5,1.9,2.1,1.803,Pass,-22.565,"-3,449.57",-353.169,483.258,"-3,319.48",10/4/2020,17/4/2020,1,8,17
MEYE14412,FG-COLOUR,PD63001003,FS63-001709,TWIN-L,21TM500-2,SO63001867,"1,010.00","1,070.66","1,058.70",11.957,1,1.117,Fail,7.941,"4,248.31","6,981.08",0,"11,229.40",24/3/2020,9/4/2020,1,17,23
MEYE14412,FG-COLOUR,PD63001004,FS63-001710,TWIN-L,21HM200-2,SO63001867,"1,010.00","1,051.73","1,041.40",10.33,1,0.982,Pass,-4.35,"-11,843.29","5,793.15",0,"-6,050.14",26/3/2020,7/4/2020,1,13,21
MEYE14412,FG-COLOUR,PD63001101,FS63-001936,TWIN-L,21HM200-2,SO63002095,"1,010.90","1,010.90",999.7,11.201,1,1.108,Fail,-20.687,"-32,017.08","1,737.46","2,657.94","-27,621.68",7/4/2020,20/4/2020,4,14,25
MEYE14412,FG-COLOUR,PD63001102,FS63-001937,TWIN-L,21HM200-1,SO63002095,"1,010.00","1,085.31","1,085.31",0,1,0,Pass,-42.139,"-57,442.79","-3,641.12",0,"-61,083.91",9/4/2020,29/4/2020,1,21,34
MEYE14412,FG-COLOUR,PD63001150,FS63-001702,TWIN-L,21HM200-5,PD63001001,80.188,84.147,78.5,5.647,2.1,6.711,Fail,63.168,"1,490.99","-1,633.55","6,765.66","6,623.10",1/4/2020,1/4/2020,1,1,3
MEYE14619,FG-COLOUR,PD63001262,FS63-002163,OT,Packer_1,SO63002376,"1,054.10","1,054.10","1,053.60",0.5,1,0.047,Pass,6.246,"-3,356.14",-846.515,"11,764.94","7,562.29",14/4/2020,17/4/2020,2,4,11
MEYE17625,FG-COLOUR,PD63001056,FS63-001796,TWIN-L,21HM200-2,SO63001969,809.4,809.4,802.2,7.2,1,0.89,Pass,-13.325,"-16,329.03",-551.102,"-10,529.76","-27,409.89",1/4/2020,7/4/2020,2,7,15
MEYE17651,FG-COLOUR,PD63001057,FS63-001797,TWIN-L,21TM500-1,SO63001969,508.701,508.701,508.5,0.201,2.1,0.04,Pass,-42.07,"-12,429.07","-1,754.68","-11,821.07","-26,004.82",1/4/2020,6/4/2020,4,6,14
MEYE18696,FG-COLOUR,PD63001242,FS63-002135,TWIN-L,21HM200-4,SO63002304,50,52.595,51.6,0.995,3.1,1.892,Pass,138.026,"7,340.47",868.283,0,"8,208.76",9/4/2020,17/4/2020,1,9,12
MEYE18699,FG-COLOUR,PD63001239,FS63-002130,TWIN-L,21HM200-2,SO63002304,50,52.995,52.1,0.895,3.1,1.689,Pass,87.959,"12,050.22","1,245.32","1,567.89","14,863.43",15/4/2020,21/4/2020,2,7,16
MEYE19001,FG-COLOUR,PD63001291,FS63-002229,TWIN-L,21HM500-1,SO63002435,154.2,154.2,153.5,0.7,2.1,0.454,Pass,-28.507,"-5,255.37",-683.152,520.075,"-5,418.45",14/4/2020,20/4/2020,1,7,12
MEYE19601,FG-COLOUR,PD63001038,FS63-001762,TWIN-L,21HM200-1,SO63001935,50.4,53.02,52,1.02,3.1,1.924,Pass,70.879,"4,124.56",-245.072,"1,145.14","5,024.63",1/4/2020,21/4/2020,2,21,33
MEYE20345,FG-COLOUR,PD63001081,FS63-001857,TWIN-L,21HM200-2,SO63002045,"1,008.90","1,008.90","1,004.60",4.301,1,0.426,Pass,-34.55,"-34,254.64","-2,797.01",201.717,"-36,849.93",3/4/2020,8/4/2020,1,6,15
MEYE21263,FG-COLOUR,PD63001307,FS63-002245,TWIN-L,21HM200-2,SO63002461,101.8,107.115,104.2,2.915,2.1,2.721,Fail,-2.882,-578.686,15.165,211.205,-352.316,14/4/2020,21/4/2020,1,8,12
MGWH545,FG-WHITE,PD63001230,FS63-002112,TWIN-L,21HM200-4,SO63002291,100,100,97.8,2.2,2.1,2.2,Fail,20.545,"2,756.65",520.794,0,"3,277.44",14/4/2020,22/4/2020,1,9,20
MHBR10122,FG-COLOUR,PD63001220,FS63-002099,TWIN-L,21HM200-1,SO63002283,100,100,97,3,2.1,3,Fail,-18.263,"-3,599.58",272.496,0,"-3,327.08",14/4/2020,22/4/2020,1,9,20
MHBR16235,FG-COLOUR,PD63000854,FS63-001442,TWIN-L,21HM200-1,SO63001601,"1,011.10","1,059.18","1,047.40",11.781,1,1.112,Fail,-15.733,"-5,999.46","-1,739.58","-13,059.44","-20,798.48",1/4/2020,10/4/2020,1,10,36
MHGY10352,FG-COLOUR,PD63001165,FS63-002010,TWIN-L,21HM200-2,SO63002195,100,100,98.6,1.4,2.1,1.4,Pass,-17.223,"-2,690.53",-498.555,"1,231.77","-1,957.32",2/4/2020,9/4/2020,1,8,10
MHPK10636,FG-COLOUR,PD63001156,FS63-001996,TWIN-L,21HM200-2,SO63002156,77.4,77.4,76.4,1,2.1,1.292,Pass,-7.979,"-1,369.84",-608.468,857.447,"-1,120.86",1/4/2020,6/4/2020,1,6,8
MHPK10636,FG-COLOUR,PD63001159,FS63-001999,TWIN-L,21HM200-2,SO63002162,101.4,101.4,99.5,1.9,2.1,1.874,Pass,42.769,"6,859.03",708.126,257.415,"7,824.57",6/4/2020,14/4/2020,1,9,15
MHPK10636,FG-COLOUR,PD63001240,FS63-002132,TWIN-L,21HM200-2,SO63002311,200,238.468,230.9,7.568,2.1,3.174,Fail,18.935,"6,589.57","1,449.24",0,"8,038.82",17/4/2020,29/4/2020,1,13,24
MNGY13359,FG-COLOUR,PD63000980,FS63-001668,TWIN-L,21HM200-2,SO63001837,100,100,90.5,9.5,2.1,9.5,Fail,23.533,"2,202.59","1,181.60",0,"3,384.19",20/3/2020,1/4/2020,1,13,16
MNGY15422,FG-COLOUR,PD63001219,FS63-002098,TWIN-L,21HM75-1,SO63002278,27,28.972,27.6,1.372,3.1,4.736,Fail,102.097,"3,904.89",233.984,493.136,"4,632.01",6/4/2020,17/4/2020,1,12,15
MPBL19444,FG-COLOUR,PD63001323,FS63-002272,TWIN-L,21HM75-1,SO63002502,26.3,26.3,25.8,0.5,3.1,1.901,Pass,21.93,643.313,-113.136,363.154,893.331,14/4/2020,20/4/2020,1,7,7
MPGN14377,FG-COLOUR,PD63001342,FS63-002337,TWIN-L,21HM200-5,SO63002561,52.5,53.035,51.7,1.335,3.1,2.517,Pass,176.388,"7,608.58",756.645,139.898,"8,505.13",18/4/2020,25/4/2020,2,8,10
MPGN18084,FG-COLOUR,PD63001324,FS63-002295,TWIN-L,21HM200-2,SO63002501,255.6,260.759,255.9,4.859,2.1,1.863,Pass,45.693,"10,864.44","1,491.38","1,006.52","13,362.34",16/4/2020,25/4/2020,2,10,12
MPGN18085,FG-COLOUR,PD63001325,FS63-002296,TWIN-L,21HM200-2,SO63002501,255.9,255.9,251.8,4.1,2.1,1.602,Pass,15.167,"4,859.19","-10,168.84","11,638.94","6,329.30",16/4/2020,25/4/2020,1,10,12
MPGN21337,FG-COLOUR,PD63001084,FS63-001899,TWIN-L,21HM75-1,SO63002075,26.5,27.879,27.1,0.779,3.1,2.794,Pass,136.779,"3,310.82",346.53,154.245,"3,811.60",1/4/2020,10/4/2020,1,10,16
MPGY20073,FG-COLOUR,PD63001053,FS63-001785,TWIN-L,21HM200-4,SO63001986,52.902,57.342,55.6,1.742,3.1,3.038,Pass,194.955,"13,523.69","1,242.26",263.443,"15,029.40",25/3/2020,9/4/2020,1,16,18
MPOR21763,FG-COLOUR,PD63001414,FS63-002470,TWIN-L,Packer_1,SO63002669,26,26.6,26.6,0,3.1,0,Pass,2.595,0,0,118.902,118.902,29/4/2020,29/4/2020,1,1,8
MPOR21763-1,TEST,PD63001413,FS63-002469,TWIN-L,21HM75-1,SO63002669,27,27,26.6,0.4,3.1,1.481,Pass,78.553,"3,243.37",356.314,0,"3,599.69",23/4/2020,29/4/2020,1,7,8
MPPK21277,FG-COLOUR,PD63001268,FS63-002172,TWIN-L,21HM200-3,SO63002387,105,105.001,104.4,0.601,2.1,0.572,Pass,4.301,-210.744,-309.067,943.515,423.704,8/4/2020,20/4/2020,1,13,14
MPPK21562,FG-COLOUR,PD63001086,FS63-001902,TWIN-L,21HM200-2,SO63002078,76,81.538,77.7,3.838,2.1,4.707,Fail,10.085,"2,761.40",468.742,"-1,738.94","1,491.20",1/4/2020,9/4/2020,1,9,15
MPSV18068,FG-COLOUR,PD63001148,FS63-001669,TWIN-L,21HM200-2,PD63000981,910.7,910.7,901.6,9.1,1,0.999,Pass,23.128,"-21,884.49","-1,788.03","54,021.50","30,348.98",1/4/2020,1/4/2020,1,1,3
MPWH13012,FG-WHITE,PD63001151,FS63-001991,TWIN-L,21HM200-2,SO63002145,510,510,506.1,3.9,2.1,0.765,Pass,-28.086,"-15,315.29","-1,285.26",454.365,"-16,146.18",10/4/2020,20/4/2020,1,11,22
MPWH18126,TRADE-WH,PD63001005,FS63-001711,TWIN-L,21HM200-2,SO63001868,"1,010.00","1,010.00","1,005.00",5,1,0.495,Pass,-23.355,"-25,589.99","-6,455.07","7,648.67","-24,396.39",10/4/2020,20/4/2020,1,11,34
MPWH18126,TRADE-WH,PD63001006,FS63-001712,TWIN-L,21HM200-2,SO63001868,"1,010.00","1,010.00","1,000.00",10,1,0.99,Pass,-23.173,"-25,086.58","-4,681.99","5,682.41","-24,086.16",16/4/2020,21/4/2020,2,6,35
MPWH18126,TRADE-WH,PD63001007,FS63-001713,TWIN-L,21HM200-5,SO63001868,"1,010.00","1,010.00","1,010.00",0,1,0,Pass,-23.595,"-24,929.39","-5,522.44","5,682.41","-24,769.42",16/4/2020,22/4/2020,1,7,36
MPWH18554,FG-WHITE,PD63001269,FS63-002178,TWIN-L,21HM200-1,SO63002388,"1,010.50","1,010.50","1,001.50",9,1,0.891,Pass,-23.836,"-20,934.17","-1,561.52",416.219,"-22,079.47",13/4/2020,20/4/2020,1,8,13
MPWH18554,FG-WHITE,PD63001270,FS63-002179,TWIN-L,21HM500-1,SO63002388,510.501,510.501,507,3.501,2.1,0.686,Pass,-36.742,"-15,995.58","-1,373.03",138.74,"-17,229.87",21/4/2020,29/4/2020,1,9,22
MPWH8121,FG-COL-WH,PD63001064,FS63-001808,TWIN-L,21HM75-1,SO63001996,26,26,24.7,1.3,3.1,5,Fail,35.909,677.892,131.067,0,808.959,30/3/2020,3/4/2020,1,5,11
MPYE14529,FG-COLOUR,PD63001133,FS63-001269,TWIN-L,21TM500-1,PD63000719,"1,106.89","1,106.89","1,098.40",8.486,1,0.767,Pass,23.978,"-20,626.34","-1,946.37","64,848.73","42,276.02",1/4/2020,2/4/2020,2,2,4
MPYE21742-1,TEST,PD63001330,FS63-002302,TWIN-L,21HM75-1,SO63002515,27,29.586,28.3,1.286,3.1,4.347,Fail,73.451,"5,432.83","1,140.01",-79.619,"6,493.22",16/4/2020,28/4/2020,2,13,14
MSBR10735,FG-COLOUR,PD63000746,FS63-001307,TWIN-L,21HM200-1,SO63001443,"1,010.80","1,041.87","1,028.40",13.467,1,1.293,Fail,-29.315,"-42,168.49","-2,198.90","7,140.58","-37,226.82",23/3/2020,7/4/2020,2,16,37
MSBR10735,FG-COLOUR,PD63000747,FS63-001308,TWIN-L,21HM500-1,SO63001443,"1,010.00","1,041.07","1,028.40",12.667,1,1.217,Fail,-31.029,"-44,527.60","-2,641.31","7,765.52","-39,403.39",24/3/2020,7/4/2020,2,15,37
MSBR19203,FG-COLOUR,PD63001257,FS63-002158,TWIN-L,21HM75-1,SO63002363,26.8,26.8,26.4,0.4,3.1,1.493,Pass,23.515,631.116,-36.869,242.658,836.905,13/4/2020,21/4/2020,2,9,15
MSSV18441,FG-COLOUR,PD63001365,FS63-002389,TWIN-L,21HM75-1,SO63002610,26.4,26.4,25.9,0.5,3.1,1.894,Pass,46.21,"1,054.39",106.977,153.845,"1,315.21",21/4/2020,24/4/2020,1,4,5
MSWH18307,FG-COL-WH,PD63001369,FS63-002393,TWIN-L,21HM75-1,SO63002611,26.7,26.7,26,0.7,3.1,2.622,Pass,25.261,545.563,106.167,77.746,729.476,20/4/2020,24/4/2020,1,5,5
MSWH21407,FG-COLOUR,PD63000993,FS63-001694,TWIN-L,21HM200-4,SO63001846,"1,010.80","1,010.80","1,001.80",9,1,0.89,Pass,-31.484,"-34,241.23","-3,219.55",94.776,"-37,366.00",2/4/2020,9/4/2020,2,8,24
MSWH21407,FG-COLOUR,PD63000994,FS63-001695,TWIN-L,21HM200-4,SO63001846,"1,010.80","1,010.80","1,000.40",10.401,1,1.029,Fail,-34.662,"-37,735.02","-3,558.85",213.247,"-41,080.61",16/4/2020,29/4/2020,1,14,44
MSWH6359,FG-WHITE,PD63001254,FS63-002154,TWIN-L,21HM75-1,SO63002353,21.101,21.101,20.2,0.901,3.1,4.27,Fail,43.996,"1,090.40",126.577,-72.903,"1,144.07",13/4/2020,20/4/2020,1,8,15
MSYE21365,FG-COLOUR,PD63001066,FS63-001810,TWIN-L,21HM75-1,SO63002001,25.2,27.107,26.3,0.807,3.1,2.977,Pass,103.577,"4,218.34",944.72,38.187,"5,201.25",25/3/2020,8/4/2020,1,15,16
MSYE21365,FG-COLOUR,PD63001196,FS63-002048,TWIN-L,21HM75-1,SO63002228,25,26.883,25.7,1.183,3.1,4.401,Fail,137.56,"5,644.54","1,105.58",0,"6,750.11",2/4/2020,15/4/2020,1,14,15
MSYE5545,FG-COLOUR,PD63001044,FS63-001774,TWIN-L,21HM200-2,SO63001971,103.5,103.5,102,1.5,2.1,1.449,Pass,-16.119,"-2,432.80",-97.088,74.665,"-2,455.22",1/4/2020,10/4/2020,1,10,19
MTBK19960,FG-BLACK,PD63001334,FS63-002310,TWIN-L,21HM200-3,SO63002321,982.663,982.663,973.1,9.563,1,0.973,Pass,-14.701,"-19,242.99","-1,647.64","1,223.53","-19,667.11",17/4/2020,29/4/2020,1,13,15
MTBK21452,FG-BLACK,PD63001175,FS63-002023,TWIN-L,21HM200-1,SO63002193,"2,016.80","2,016.80","2,000.00",16.8,1,0.833,Pass,6.656,"5,554.51","1,804.68","1,062.94","8,422.13",16/4/2020,22/4/2020,1,7,22
MTBK21452,FG-BLACK,PD63001176,FS63-002024,TWIN-L,21HM200-1,SO63002193,"2,015.00","2,015.00","2,000.00",15,1,0.744,Pass,4.76,"3,610.48","2,412.87",0,"6,023.35",16/4/2020,23/4/2020,1,8,23
MTBK21452,FG-BLACK,PD63001177,FS63-002025,TWIN-L,21HM200-1,SO63002193,"2,015.00","2,015.00","2,000.00",15,1,0.744,Pass,6.536,"5,437.98","2,832.94",0,"8,270.92",16/4/2020,24/4/2020,2,9,24
MTBK21452,FG-BLACK,PD63001178,FS63-002026,TWIN-L,21HM200-1,SO63002193,"2,015.00","2,015.00","2,000.00",15,1,0.744,Pass,7.906,"7,083.02","2,920.95",0,"10,003.97",16/4/2020,27/4/2020,1,12,27
MTBK21452,FG-BLACK,PD63001179,FS63-002027,TWIN-L,21HM200-1,SO63002193,"2,015.00","2,015.00","2,000.00",15,1,0.744,Pass,7.438,"6,675.19","2,736.34",0,"9,411.53",16/4/2020,28/4/2020,2,13,28
MTBK21452,FG-BLACK,PD63001180,FS63-002028,TWIN-L,21HM200-1,SO63002193,"2,015.00","2,015.00","2,000.00",15,1,0.744,Pass,0.203,"-1,728.85","1,985.61",0,256.761,20/4/2020,28/4/2020,1,9,28
MTBK21452,FG-BLACK,PD63001181,FS63-002029,TWIN-L,21HM200-1,SO63002193,"2,015.00","2,015.00","2,000.00",15,1,0.744,Pass,-0.397,"-2,482.17","1,979.50",0,-502.677,20/4/2020,29/4/2020,1,10,29
MTBK21452,FG-BLACK,PD63001182,FS63-002030,TWIN-L,21HM200-2,SO63002193,"2,015.00","2,015.00","2,000.00",15,1,0.744,Pass,0.277,"-2,142.99","2,494.13",0,351.142,20/4/2020,29/4/2020,1,10,29
MTBK2618,FG-BLACK,PD63001121,FS63-001973,TWIN-L,21HM200-2,SO63002134,80,80,78.9,1.1,2.1,1.375,Pass,-16.522,"-1,308.43",43.502,0,"-1,264.93",1/4/2020,10/4/2020,1,10,12
MTBK2618,FG-BLACK,PD63001188,FS63-002036,TWIN-L,21HM200-2,SO63002180,105,105,103.9,1.1,2.1,1.048,Pass,-19.996,"-1,977.95",-38.119,0,"-2,016.07",1/4/2020,10/4/2020,1,10,10
MTBL14780,FG-COLOUR,PD63001235,FS63-002120,TWIN-L,21HM75-1,SO63002299,26.1,31.22,30,1.22,3.1,3.908,Fail,105.439,"2,377.16",146.064,492.831,"3,016.05",13/4/2020,21/4/2020,2,9,19
MTBL14914,FG-COLOUR,PD63001282,FS63-002201,TWIN-L,21HM200-3,SO63002405,500,500,498.3,1.7,2.1,0.34,Pass,-9.331,"-4,472.36",-197.667,198.34,"-4,471.69",13/4/2020,21/4/2020,2,9,14
MTBL18245,FG-COLOUR,PD63001353,FS63-002349,TWIN-L,21HM75-1,SO63002553,25,25,24.4,0.6,3.1,2.4,Pass,26.466,814.605,205.044,0,"1,019.65",20/4/2020,24/4/2020,2,5,8
MTBL18336,FG-COLOUR,PD63001068,FS63-001812,TWIN-L,21HM75-1,SO63002006,26,26.201,25.6,0.601,3.1,2.294,Pass,64.45,"1,335.61",212.407,19.66,"1,567.68",30/3/2020,3/4/2020,1,5,11
MTBL19298,FG-COLOUR,PD63001124,FS63-001976,TWIN-L,21HM75-1,SO63002137,27.601,28.415,26.6,1.815,3.1,6.387,Fail,101.808,"2,771.89",494.837,74.017,"3,340.74",3/4/2020,15/4/2020,1,13,17
MTBL19561,FG-COLOUR,PD63001123,FS63-001975,TWIN-L,21HM75-1,SO63002137,27.201,27.201,26.4,0.801,3.1,2.945,Pass,36.96,"1,061.59",159.846,25.56,"1,247.00",6/4/2020,14/4/2020,1,9,16
MTBL20806,FG-COLOUR,PD63001248,FS63-002143,TWIN-L,21HM200-3,SO63002336,52,52,50.7,1.3,3.1,2.5,Pass,34.548,"2,992.90",470.028,-2.472,"3,460.45",13/4/2020,20/4/2020,4,8,15
MTBL9583,FG-COLOUR,PD63001217,FS63-002096,TWIN-L,21HM200-1,SO63002271,52,52,51.3,0.7,3.1,1.346,Pass,10.123,569.154,68.597,151.81,789.561,13/4/2020,17/4/2020,1,5,16
MTBR14046,FG-COLOUR,PD63000892,FS63-001539,TWIN-L,21HM200-2,SO63001689,"1,015.00","1,015.00","1,010.00",5,1,0.493,Pass,-12.704,"-34,119.64","-5,648.57","4,162.38","-35,605.83",1/4/2020,20/4/2020,1,20,42
MTBR14046,FG-COLOUR,PD63000893,FS63-001540,TWIN-L,21HM200-2,SO63001689,"1,010.00","1,010.00","1,000.00",10,1,0.99,Pass,-9.267,"-25,385.87",-330.708,0,"-25,716.58",1/4/2020,20/4/2020,1,20,42
MTBR2205,FG-COLOUR,PD63001189,FS63-002037,TWIN-L,21HM200-2,SO63002180,53.7,53.7,53.7,0,3.1,0,Pass,7.853,772.872,-191.741,392.494,973.625,6/4/2020,14/4/2020,1,9,14
MTBR8122,FG-COLOUR,PD63001381,FS63-002416,TWIN-L,21HM200-2,SO63002603,50,50,49.3,0.7,3.1,1.4,Pass,17.615,"2,080.18",275.55,0,"2,355.73",21/4/2020,27/4/2020,1,7,7
MTGN14082,FG-COLOUR,PD63001234,FS63-002119,TWIN-L,21HM75-1,SO63002299,26.101,28.967,28,0.967,3.1,3.338,Fail,84.621,"2,993.98",189.513,154.99,"3,338.48",13/4/2020,21/4/2020,2,9,19
MTGN14082,FG-COLOUR,PD63001283,FS63-002206,TWIN-L,21HM200-1,SO63002416,50,58.534,57.8,0.734,3.1,1.254,Pass,46.54,"3,403.64",-36.079,422.701,"3,790.27",14/4/2020,24/4/2020,3,11,17
MTGN17917,FG-COLOUR,PD63001036,FS63-001759,TWIN-L,21HM200-2,SO63001926,101.6,101.6,101.1,0.5,2.1,0.492,Pass,-12.011,"-2,310.54",-619.894,341.175,"-2,589.26",23/3/2020,2/4/2020,2,11,14
MTGN20890,FG-COLOUR,PD63001309,FS63-002247,TWIN-L,21HM75-1,SO63002462,52.402,52.402,51.7,0.702,3.1,1.34,Pass,15.294,956.419,60.251,218.745,"1,235.42",24/4/2020,27/4/2020,1,4,18
MTGY13671,FG-COLOUR,PD63001033,FS63-001750,TWIN-L,21HM200-2,SO63001915,102.4,102.4,100.5,1.9,2.1,1.855,Pass,-16.098,"-1,970.67",-183.133,278.238,"-1,875.57",23/3/2020,2/4/2020,2,11,15
MTOR19369,FG-COLOUR,PD63001028,FS63-001737,TWIN-L,21HM200-2,SO63001901,101.4,101.4,100.2,1.2,2.1,1.183,Pass,-20.343,"-2,607.81",-250.72,183.715,"-2,674.82",20/3/2020,1/4/2020,1,13,14
MTOR9905,FG-COLOUR,PD63001069,FS63-001823,TWIN-L,21HM75-1,SO63002007,27,27,25.9,1.1,3.1,4.074,Fail,60.452,"1,469.50",257.353,0,"1,726.85",26/3/2020,3/4/2020,2,9,11
MTPK5368,FG-COLOUR,PD63000979,FS63-001667,TWIN-L,21HM200-4,SO63001835,105,105,103.1,1.9,2.1,1.81,Pass,-31.616,"-2,937.41",-203.068,0,"-3,140.47",26/3/2020,1/4/2020,1,7,16
MTWH12992,FG-COL-WH,PD63001187,FS63-002035,TWIN-L,21HM200-4,SO63002180,305,305.001,300,5.001,2.1,1.64,Pass,-15.099,"-5,144.63",-186.436,0,"-5,331.07",14/4/2020,27/4/2020,3,14,27
MTWH12992,FG-COL-WH,PD63001267,FS63-002171,TWIN-L,21HM200-4,SO63002368,305,305.001,285.1,19.901,2.1,6.525,Fail,-20.005,"-7,116.68",404.201,0,"-6,712.48",16/4/2020,27/4/2020,1,12,21
MTWH13092,FG-WHITE,PD63000974,FS63-001660,TWIN-L,21HM200-4,SO63001814,52,52.001,50.5,1.501,3.1,2.886,Pass,59.107,"5,430.66",823.758,0,"6,254.42",30/3/2020,3/4/2020,2,5,18
MTWH16896,FG-COL-WH,PD63001103,FS63-001948,TWIN-L,21HM200-1,SO63002098,510.5,510.501,499.4,11.101,2.1,2.175,Fail,-10.164,"-6,732.48",83.422,428.913,"-6,220.15",13/4/2020,29/4/2020,1,17,34
MTWH16896,FG-COL-WH,PD63001140,FS63-001450,TWIN-L,21HM200-4,PD63000861,509.9,509.9,503.5,6.4,2.1,1.255,Pass,28.127,"-13,441.90","-1,155.08","31,951.97","17,354.99",1/4/2020,1/4/2020,1,1,3
MTWH2737,FG-COL-WH,PD63001026,FS63-001733,TWIN-L,21HM200-5,SO63001879,"1,010.10","1,010.10",993.5,16.6,1,1.643,Fail,-32.542,"-34,149.60","-2,086.17","2,610.47","-33,625.30",26/3/2020,20/4/2020,1,26,33
MTWH4640,FG-COL-WH,PD63001135,FS63-001372,TWIN-L,21HM200-5,PD63000793,"1,010.80","1,010.80","1,000.00",10.8,1,1.068,Fail,24.013,"-32,396.01","-3,062.99","63,147.34","27,688.35",1/4/2020,3/4/2020,2,3,5
MTWH4640,FG-COL-WH,PD63001136,FS63-001373,TWIN-L,21HM200-4,PD63000794,"1,010.00","1,010.00",996.1,13.9,1,1.376,Fail,25.319,"-31,384.07","-2,798.76","63,263.37","29,080.55",1/4/2020,6/4/2020,4,6,8
MTWH61,FG-WHITE,PD63001137,FS63-001428,TWIN-L,21HM200-4,PD63000840,"1,010.30","1,010.30","1,000.00",10.3,1,1.019,Fail,34.532,"-2,539.23",-47.917,"35,052.90","32,465.75",1/4/2020,8/4/2020,1,8,10
MTWH61,FG-WHITE,PD63001138,FS63-001429,TWIN-L,21HM200-4,PD63000841,"1,010.00","1,010.00","1,000.00",10,1,0.99,Pass,34.816,"-1,961.01",-331.159,"35,024.70","32,732.53",1/4/2020,15/4/2020,1,15,17
MTWH61,FG-WHITE,PD63001139,FS63-001430,TWIN-L,21HM200-5,PD63000842,"1,010.00","1,010.00",966.2,43.8,1,4.337,Fail,39.21,"-1,294.52",-137.715,"37,050.40","35,618.17",1/4/2020,17/4/2020,1,17,19
MTYE15221,FG-COLOUR,PD63001301,FS63-002239,TWIN-L,21HM75-1,SO63002442,27,27,26,1,3.1,3.704,Fail,45.304,"1,176.38",185.007,-21.487,"1,339.90",16/4/2020,22/4/2020,2,7,13
MTYE19635,FG-COLOUR,PD63001253,FS63-002153,TWIN-L,21HM200-1,SO63002355,53.301,53.301,51.9,1.401,3.1,2.628,Pass,16.001,"1,857.92",-334.002,"1,004.92","2,528.84",13/4/2020,20/4/2020,1,8,15
MTYE19690,FG-COLOUR,PD63001067,FS63-001811,TWIN-L,21HM75-1,SO63002008,27,27,26.3,0.7,3.1,2.593,Pass,125.922,"2,846.52",390.115,0,"3,236.64",26/3/2020,3/4/2020,2,9,11
MTYE20593,FG-COLOUR,PD63001195,FS63-002047,TWIN-L,21HM200-2,SO63002220,104.6,109.934,102.1,7.834,2.1,7.126,Fail,24.201,"5,669.65","1,806.34","1,710.15","9,186.14",2/4/2020,17/4/2020,1,16,17
MUBL1532,FG-COLOUR,PD63001048,FS63-001780,TWIN-L,21HM200-1,SO63001976,54,60.124,56.3,3.824,3.1,6.36,Fail,40.405,"2,862.04",771.03,"1,279.91","4,912.98",26/3/2020,25/4/2020,2,31,34
MUBL1532,FG-COLOUR,PD63001226,FS63-002108,TWIN-L,21HM200-2,SO63002277,105,117.216,117.216,0,2.1,0,Pass,-24.509,"-6,311.18",106.581,0,"-6,204.60",8/4/2020,29/4/2020,1,22,27
MUGN14680,FG-COLOUR,PD63001354,FS63-002350,TWIN-L,21HM200-2,SO63002573,200,200,199,1,2.1,0.5,Pass,0.509,-141.69,375.394,-69.16,164.544,20/4/2020,28/4/2020,1,9,12
MUWH6215,FG-COL-WH,PD63001273,FS63-002185,TWIN-L,21HM75-1,SO63002404,25,25,23.9,1.1,3.1,4.4,Fail,119.401,"4,730.17",591.78,0,"5,321.95",15/4/2020,21/4/2020,2,7,14
MZBR21512,FG-COLOUR,PD63001246,FS63-002141,TWIN-L,21HM75-1,SO63002335,25,25,24.2,0.8,3.1,3.2,Fail,172.404,"1,509.90",199.837,"2,122.13","3,831.87",20/4/2020,25/4/2020,1,6,20
PXBL18276,FG-PM,PD63001450,FS63-002547,OT,21HM75-1,SO63002705,21,21.001,20.7,0.301,3.1,1.433,Pass,49.493,488.464,54.345,17.102,559.911,24/4/2020,29/4/2020,1,6,6
PXBL18672,FG-PM,PD63001333,FS63-002308,OT,21HM200-2,SO63002505,62.1,62.1,61.6,0.5,2.1,0.805,Pass,11.322,266.969,-8.924,111.174,369.219,15/4/2020,22/4/2020,1,8,8
PXBL20560,FG-PM,PD63001228,FS63-002110,OT,21HM200-3,SO63002268,43.3,43.3,42.9,0.4,3.1,0.924,Pass,5.205,243.11,-88.499,149.688,304.299,6/4/2020,17/4/2020,1,12,15
PXBR5256,FG-PM,PD63001071,FS63-001839,OT,21HM200-2,SO63002012,205.9,210.449,207.5,2.949,2.1,1.401,Pass,39.398,"5,371.16","1,206.80",241.925,"6,819.88",26/3/2020,8/4/2020,2,14,16
PXGN17673,FG-PM,PD63001093,FS63-001926,OT,21HM200-4,SO63002049,33,33.662,32.4,1.262,3.1,3.749,Fail,36.146,"1,385.63",-447.364,985.717,"1,923.99",26/3/2020,8/4/2020,1,14,14
PXGN5389,FG-PM,PD63001340,FS63-002331,OT,21HM10-1,SO63002547,5,5.098,4.7,0.398,3.1,7.807,Fail,557.863,"1,541.90",422.497,0,"1,964.40",16/4/2020,25/4/2020,1,10,10
PXGY21594,FG-PM,PD63001200,FS63-002052,OT,21HM75-1,SO63002235,21,21.215,20.8,0.415,3.1,1.956,Pass,78.418,"1,019.07",276.587,-6.461,"1,289.19",6/4/2020,13/4/2020,1,8,13
PXGY4692,FG-PM,PD63001250,FS63-002146,OT,21HM75-1,SO63002297,10,10.001,9.7,0.301,3.1,3.01,Pass,66.749,376.409,99.295,-48.25,427.454,6/4/2020,10/4/2020,2,5,5
PXOR16104,FG-PM,PD63001398,FS63-002437,OT,21HM10-1,SO63002638,5.7,5.7,5.6,0.1,3.1,1.754,Pass,244.88,907.734,182.09,56.252,"1,146.08",21/4/2020,25/4/2020,2,5,5
PXVL2916,FG-PM,PD63001115,FS63-001960,OT,21HM10-1,SO63002105,5,5,4.8,0.2,3.1,4,Fail,7.091,146.791,242.118,0.052,388.961,6/4/2020,8/4/2020,1,3,13
PXWH18501,FG-PM,PD63001449,FS63-002546,OT,21HM200-4,SO63002705,205.6,205.6,204.2,1.4,2.1,0.681,Pass,6.967,695.556,-103.661,384.254,976.149,24/4/2020,29/4/2020,1,6,6
PXWH2845,FG-PM,PD63001224,FS63-002105,OT,21HM200-4,SO63002219,549.2,549.2,544.4,4.8,0,0.874,Fail,17.537,"5,874.19","1,686.78",178.341,"7,739.31",6/4/2020,22/4/2020,1,17,20
PXWH4430,FG-PM,PD63001070,FS63-001837,OT,21HM200-4,SO63002025,103.9,103.9,103.1,0.8,2.1,0.77,Pass,11.915,870.282,117.283,180.687,"1,168.25",26/3/2020,1/4/2020,1,7,9
PXWH4462,FG-PM,PD63001158,FS63-001998,OT,21HM200-4,SO63002165,105,105,104.1,0.9,2.1,0.857,Pass,7.979,472.978,-202.05,409.79,680.718,6/4/2020,7/4/2020,1,2,9
PXWH4462,FG-PM,PD63001405,FS63-002461,OT,21HM200-4,SO63002675,104.1,104.1,103.2,0.9,2.1,0.865,Pass,13.869,867.709,-30.673,336.028,"1,173.06",23/4/2020,29/4/2020,1,7,8
SE10BL05A,SCOL,PD63001352,FS63-002348,TWIN-L,21HM200-2,Manual,400,400,397.9,2.1,2.1,0.525,Pass,-16.249,"-8,650.34",-464.801,0,"-9,115.14",21/4/2020,27/4/2020,1,7,11
SE25VL09A,SCOL,PD63000904,FS63-001551,TWIN-L,21HM200-2,Manual,200,200,199.4,0.6,2.1,0.3,Pass,0.209,-44.58,349.284,-54.175,250.529,27/3/2020,3/4/2020,1,8,24
SE40BK09A,SBK,PD63000998,FS63-001699,TWIN-L,21HM200-3,Manual,88.058,88.058,86,2.058,2.1,2.337,Fail,-2.797,-684.677,348.427,-17.12,-353.37,6/4/2020,20/4/2020,1,15,34
SE40BL02A,SCOL,PD63001002,FS63-001703,TWIN-L,21HM200-3,Manual,250,250,248.2,1.8,2.1,0.72,Pass,20.933,"8,799.64","1,899.32",0,"10,698.96",3/4/2020,20/4/2020,1,18,34
SE40BL17A,SCOL,PD63001075,FS63-001848,TWIN-L,21HM200-1,Manual,"1,000.00","1,000.00",995.1,4.9,1,0.49,Pass,11.814,"19,949.06","4,568.19",-268.263,"24,248.99",27/3/2020,22/4/2020,1,27,29
SE40RD06A,SCOL,PD63001082,FS63-001858,TWIN-L,21HM200-1,Manual,100,100,100,0,2.1,0,Pass,6.311,"1,785.71",409.542,0,"2,195.25",27/3/2020,2/4/2020,2,7,9
SE40RD07A,SCOL,PD63001249,FS63-002145,TWIN-L,21HM200-2,Manual,249.905,249.906,244.9,5.006,2.1,2.003,Pass,-4.412,"-4,231.45",602.664,"1,100.41","-2,528.38",9/4/2020,25/4/2020,3,17,20
SE40RD39A,SCOL,PD63001029,FS63-001746,TWIN-L,21HM200-1,Manual,200,200,199.3,0.7,2.1,0.35,Pass,-5.968,"-4,395.88",259.404,-43.23,"-4,179.71",24/3/2020,1/4/2020,1,9,14
SE40RD39A,SCOL,PD63001192,FS63-002040,TWIN-L,21HM200-2,Manual,250,250,245,5,2.1,2,Pass,-3.797,"-4,775.35","1,286.51",220,"-3,268.84",14/4/2020,25/4/2020,3,12,25
SE40YE07A,SCOL,PD63001141,FS63-001548,TWIN-L,21HM200-2,PD63000901,"1,000.00","1,000.00",992.7,7.3,1,0.73,Pass,12.389,"-23,161.82","-1,140.88","59,464.33","35,161.63",1/4/2020,1/4/2020,1,1,3
SE40YE10A,SCOL,PD63001037,FS63-001760,TWIN-L,21HM200-2,Manual,500,500,495.8,4.2,2.1,0.84,Pass,-3.725,"-8,949.80","1,724.85",0,"-7,224.95",1/4/2020,15/4/2020,1,15,27
SE40YE11A,SCOL,PD63000921,FS63-001581,TWIN-L,21HM200-2,Manual,250,250,245.9,4.1,2.1,1.64,Pass,-4.542,"-4,484.58",934.116,0,"-3,550.47",1/4/2020,8/4/2020,1,8,28
SE40YE11A,SCOL,PD63001295,FS63-002233,TWIN-L,21HM200-2,Manual,150,150,148.1,1.9,2.1,1.267,Pass,2.74,567.837,722.306,0,"1,290.14",14/4/2020,29/4/2020,2,16,21
SE40YE12A,SCOL,PD63001134,FS63-001361,TWIN-L,21HM200-2,PD63000783,250,250,248.6,1.4,2.1,0.56,Pass,21.904,672.841,791.688,"14,786.70","16,251.23",1/4/2020,1/4/2020,2,1,3
SE40YE17A,SCOL,PD63000937,FS63-001599,TWIN-L,21HM75-1,Manual,25,25,24.6,0.4,3.1,1.6,Pass,-13.705,"5,090.47",641.191,"-9,756.80","-4,025.14",23/3/2020,1/4/2020,1,10,21
SE40YE69A,SCOL,PD63001046,FS63-001778,TWIN-L,21HM200-2,Manual,"1,000.00","1,000.00",992.6,7.4,1,0.74,Pass,-7.121,"-26,919.74","1,028.15",0,"-25,891.60",3/4/2020,15/4/2020,2,13,24
SE50GN01A,SCOL,PD63001286,FS63-002218,TWIN-L,21HM200-2,Manual,500,500,486.9,13.1,2.1,2.62,Fail,26.281,"23,130.70","3,450.60",453,"27,034.29",9/4/2020,20/4/2020,1,12,12
SE60BL05A,SCOL,PD63001348,FS63-002343,TWIN-L,21HM200-3,Manual,150,150,150,0,2.1,0,Pass,-4.974,"-2,302.80",3.74,0,"-2,299.06",22/4/2020,29/4/2020,1,8,14
SE60BR04A,SCOL,PD63001010,FS63-001716,TWIN-L,21HM200-2,Manual,55,55,54.6,0.4,3.1,0.727,Pass,3.832,226.954,160.298,-83.56,303.692,1/4/2020,6/4/2020,4,6,20
SE65WH01A,SWH,PD63000988,FS63-001683,TE96,21HM500-1,Manual,"9,910.00","9,485.00","9,481.50",3.5,0.5,0.037,Pass,5.309,"-5,574.13","2,060.36","40,093.48","36,579.71",26/3/2020,7/4/2020,6,13,22
SIBL02A,SCOL,PD63001216,FS63-002095,OT,21HM75-1,Manual,30,30,29.8,0.2,3.1,0.667,Pass,176.823,598.88,152.332,0,751.212,3/4/2020,9/4/2020,2,7,8
SIBL05A,SCOL,PD63001259,FS63-002160,OT,21HM200-3,Manual,200,200,199.5,0.5,2.1,0.25,Pass,30.937,789.63,203.106,0,992.736,9/4/2020,15/4/2020,1,7,9
SIBR04A,SCOL,PD63001080,FS63-001856,OT,21HM200-5,Manual,50,50,49.8,0.2,3.1,0.4,Pass,124.049,415.48,102.141,0,517.621,27/3/2020,3/4/2020,1,8,10
SIGN09A,SCOL,PD63001292,FS63-002230,OT,21HM200-2,Manual,100,100,99.8,0.2,2.1,0.2,Pass,256.064,"1,793.39",453.672,0,"2,247.06",10/4/2020,21/4/2020,2,12,13
SIRD01A,SCOL,PD63001315,FS63-002253,OT,21HM75-1,Manual,25,25,24.8,0.2,3.1,0.8,Pass,-45.551,-712.961,-173.973,0,-886.934,13/4/2020,18/4/2020,2,6,6
SIRD01A,SCOL,PD63001440,FS63-002499,OT,21HM75-1,Manual,25,25,24.9,0.1,3.1,0.4,Pass,-37.375,-585.831,-144.835,0,-730.666,24/4/2020,27/4/2020,1,4,5
SPXBL19917,SCO,PD63001116,FS63-001964,OT,21HM10-1,Manual,3.5,3.5,3.4,0.1,3.1,2.857,Pass,129.331,629.818,173.481,-13.488,789.811,27/3/2020,1/4/2020,1,6,6
SPXBL19934,SCO,PD63001198,FS63-002050,OT,21HM10-1,Manual,3.044,3.045,2.9,0.145,3.1,4.762,Fail,56.238,258.259,19.375,74.215,351.849,1/4/2020,3/4/2020,1,3,3
SPXBL20112,SCO,PD63001278,FS63-002195,OT,21HM10-1,Manual,4.25,4.531,4.2,0.331,3.1,7.305,Fail,165.423,"1,546.28",412.414,72.425,"2,031.12",9/4/2020,17/4/2020,1,9,10
SRGPP08,SRM,PD63001122,FS63-001974,OT,25PM500-2,Manual,"4,000.00","4,000.00","4,000.00",0,0.5,0,Pass,-2.43,"-3,912.83",75.873,0,"-3,836.96",30/3/2020,15/4/2020,2,17,17
SRLDP05,SRM,PD63001207,FS63-002062,OT,25PM500-1,Manual,"3,000.00","3,000.00","3,000.00",0,0.5,0,Pass,-2.242,"-3,403.07",954.739,0,"-2,448.34",13/4/2020,22/4/2020,3,10,21
SRLDP20,SRM,PD63001210,FS63-002066,OT,25MF600-1,Manual,"5,000.00","5,000.00","5,000.00",0,0.5,0,Pass,-2.578,"-7,013.87",614.363,0,"-6,399.51",7/4/2020,15/4/2020,2,9,14
SRLDP20,SRM,PD63001211,FS63-002067,OT,25PM500-1,Manual,"5,000.00","5,000.00","5,000.00",0,0.5,0,Pass,-2.111,"-6,292.89","1,050.64",0,"-5,242.25",13/4/2020,23/4/2020,1,11,22
SRLDP20,SRM,PD63001344,FS63-002339,OT,25PM500-1,Manual,"6,000.00","6,000.00","6,000.00",0,0.5,0,Pass,-3.262,"-11,059.94","1,340.43",0,"-9,719.51",17/4/2020,22/4/2020,2,6,7
SRLLP04-4,SRM,PD63001280,FS63-002197,OT,25PM500-1,Manual,10,10,10,0,3.1,0,Pass,-10.96,0,0,-49.235,-49.235,10/4/2020,22/4/2020,3,13,15
SRLLP20,SRM,PD63000931,FS63-001591,OT,25MF600-1,Manual,"5,250.00","5,250.00","5,250.00",0,0.5,0,Pass,0.469,-357.948,"1,115.97",0,758.022,30/3/2020,9/4/2020,2,11,29
SRLLP20,SRM,PD63001142,FS63-001588,OT,25MF600-1,PD63000928,"5,250.00","5,250.00","5,250.00",0,0.5,0,Pass,6.603,"3,167.29","2,756.73","4,755.53","10,679.55",1/4/2020,2/4/2020,2,2,4
SRLLP20,SRM,PD63001143,FS63-001589,OT,25MF600-1,PD63000929,"5,250.00","5,250.00","5,250.00",0,0.5,0,Pass,5.721,"2,404.54","2,092.84","4,755.53","9,252.91",1/4/2020,3/4/2020,3,3,5
SRLLP20,SRM,PD63001145,FS63-001590,OT,25MF600-1,PD63000930,"5,250.00","5,250.00","5,250.00",0,0.5,0,Pass,3.97,889.902,774.54,"4,755.53","6,419.97",1/4/2020,8/4/2020,2,8,10
SRLLP20,SRM,PD63001170,FS63-002018,OT,25MF600-1,Manual,"5,250.00","5,250.00","5,250.00",0,0.5,0,Pass,0.372,-533.523,"1,134.94",0,601.416,6/4/2020,10/4/2020,1,5,10
SRLLP20,SRM,PD63001203,FS63-002055,OT,25MF600-1,Manual,"5,250.00","5,250.00","5,250.00",0,0.5,0,Pass,-0.334,"-1,143.72",603.825,0,-539.898,8/4/2020,17/4/2020,2,10,17
SRLLP20,SRM,PD63001204,FS63-002056,OT,25MF600-1,Manual,"5,250.00","5,250.00","5,250.00",0,0.5,0,Pass,3.146,"4,295.25",793.509,0,"5,088.76",14/4/2020,22/4/2020,5,9,22
SRLLP20,SRM,PD63001205,FS63-002057,OT,25MF600-1,Manual,"5,250.00","5,250.00","5,250.00",0,0.5,0,Pass,4.063,"5,833.81",736.604,0,"6,570.42",15/4/2020,20/4/2020,1,6,20
SRLLP20,SRM,PD63001351,FS63-002347,OT,25PM500-2,Manual,"5,250.00","5,250.00","5,250.00",0,0.5,0,Pass,3.13,"5,027.46",34.775,0,"5,062.23",17/4/2020,22/4/2020,2,6,6
SRLLP20,SRM,PD63001424,FS63-002483,OT,25MF600-1,Manual,"5,250.00","5,250.00","5,250.00",0,0.5,0,Pass,3.003,"-7,480.50","-1,530.11","13,867.72","4,857.11",23/4/2020,28/4/2020,1,6,6
SRNYP16,SRM,PD63001341,FS63-002336,OT,25PM500-2,Manual,300,300,300,0,2.1,0,Pass,-0.483,-87.17,-75.873,0,-163.043,17/4/2020,22/4/2020,1,6,7
SRPBP02,SRM,PD63001201,FS63-002053,OT,25PM500-2,Manual,125,125,125,0,2.1,0,Pass,-2.351,-436.123,66.389,0,-369.734,7/4/2020,13/4/2020,1,7,13
SRPGP01,SRM,PD63001231,FS63-002113,OT,25PM500-2,Manual,50,50,50,0,3.1,0,Pass,-0.515,-17.437,-15.175,0,-32.612,7/4/2020,13/4/2020,1,7,11
SRPGP01,SRM,PD63001395,FS63-002434,OT,25PM500-2,Manual,250,250,250,0,2.1,0,Pass,-0.515,-87.173,-75.873,0,-163.046,21/4/2020,23/4/2020,1,3,3
SRPPBP08-2,SRM,PD63001281,FS63-002198,OT,25PM500-2,Manual,25,25,25,0,3.1,0,Pass,-6.476,-58.53,4.742,0,-53.788,9/4/2020,13/4/2020,1,5,6
SRPPHP11,SRM,PD63000995,FS63-001696,OT,25PM500-2,Manual,"4,000.00","4,000.00","4,000.00",0,0.5,0,Pass,8.314,"9,779.48","1,548.81",0,"11,328.29",23/3/2020,7/4/2020,2,16,22
SRPPHP11,SRM,PD63001169,FS63-002016,OT,25PM500-2,Manual,"4,000.00","4,000.00","4,000.00",0,0.5,0,Pass,-0.886,"-4,368.08","3,161.11",0,"-1,206.97",13/4/2020,22/4/2020,3,10,23
SRPPHP11,SRM,PD63001366,FS63-002390,OT,25PM500-2,Manual,"4,000.00","4,000.00","4,000.00",0,0.5,0,Pass,-5.359,"-9,324.75","2,023.01",0,"-7,301.74",21/4/2020,28/4/2020,2,8,9
SRPPHP20,SRM,PD63001157,FS63-001997,OT,25PM500-2,SO63002159,"4,006.40","4,006.40","4,006.40",0,0.5,0,Pass,-9.53,"-14,686.24",686.2,230.805,"-13,769.24",8/4/2020,10/4/2020,1,3,12
SRPPHP25,SRM,PD63001206,FS63-002061,OT,25PM500-2,Manual,"1,300.00","1,300.00","1,300.00",0,1,0,Pass,-2.37,"-1,234.62",56.905,0,"-1,177.72",9/4/2020,16/4/2020,1,8,15
SRPPHP25,SRM,PD63001350,FS63-002346,OT,25PM500-2,Manual,"1,300.00","1,300.00","1,300.00",0,1,0,Pass,-1.55,"-1,016.69",246.588,0,-770.102,23/4/2020,28/4/2020,2,6,12
SRPTP01,SRM,PD63001149,FS63-001681,OT,25PM500-2,PD63000987,"5,500.00","5,500.00","5,500.00",0,0.5,0,Pass,2.789,-130.74,-113.81,"5,380.54","5,135.99",1/4/2020,3/4/2020,1,3,5
SRPTP05,SRM,PD63001174,FS63-002022,OT,25MF600-1,Manual,"4,800.00","4,800.00","4,800.00",0,0.5,0,Pass,-21.161,"-31,092.56",-407.819,0,"-31,500.38",9/4/2020,16/4/2020,2,8,16
SRPTP07,SRM,PD63001244,FS63-002139,OT,25PM500-2,Manual,407,407,407,0,2.1,0,Pass,-3.032,-818.242,-14.568,0,-832.81,15/4/2020,22/4/2020,6,8,17
SXBK57A,SBK,PD63001199,FS63-002051,OT,21HM75-1,Manual,20,20,19.9,0.1,3.1,0.5,Pass,59.447,259.482,68.228,0,327.71,1/4/2020,7/4/2020,1,7,7
SXBL02A,SCOL,PD63000983,FS63-001677,OT,21HM200-4,Manual,175,175,174.5,0.5,2.1,0.286,Pass,41.702,"1,704.89",443.374,0,"2,148.26",20/3/2020,1/4/2020,1,13,16
SXBL17A,SCOL,PD63001438,FS63-002497,OT,21HM200-3,Manual,50,50,49.9,0.1,3.1,0.2,Pass,49.645,569.049,146.202,0,715.251,24/4/2020,29/4/2020,1,6,7
SXBL17A,SCOL,PD63001439,FS63-002498,OT,21HM200-3,Manual,50,50,49.7,0.3,3.1,0.6,Pass,27.374,307.281,85.518,0,392.799,24/4/2020,29/4/2020,1,6,7
SXBLD01A,SCOL,PD63001274,FS63-002189,OT,21HM10-1,Manual,1,1,0.9,0.1,3.1,10,Fail,86.534,391.153,103.61,-142.5,352.263,9/4/2020,14/4/2020,1,6,7
SXORD04A,SCOL,PD63001300,FS63-002238,OT,21HM10-1,Manual,0.2,0.2,0.18,0.02,0,10,Fail,617.278,260.981,71.658,0,332.639,10/4/2020,18/4/2020,2,9,9
SXRD01A,SCOL,PD63001237,FS63-002127,OT,21HM75-1,Manual,10,10,9.9,0.1,3.1,1,Pass,23.148,461.958,142.089,0,604.047,6/4/2020,8/4/2020,1,3,3
SXRD36A,SCOL,PD63001212,FS63-002076,OT,21HM75-1,Manual,25,25,23.9,1.1,3.1,4.4,Fail,10.388,208.417,254.648,0,463.065,2/4/2020,7/4/2020,2,6,6
SXRD36A,SCOL,PD63001441,FS63-002500,OT,21HM75-1,Manual,25,25,24.9,0.1,3.1,0.4,Pass,5.954,206.17,70.374,0,276.544,24/4/2020,27/4/2020,1,4,5
SXRD56A,SCOL,PD63001377,FS63-002405,OT,21HM10-1,Manual,5,5,4.8,0.2,3.1,4,Fail,115.028,689.365,204.62,0,893.985,20/4/2020,23/4/2020,2,4,4
SXRDD01A,SCOL,PD63001337,FS63-002320,OT,21HM75-1,Manual,7.968,7.968,7.7,0.268,3.1,3.363,Fail,31.859,773.043,"-1,449.67","1,772.36","1,095.74",20/4/2020,23/4/2020,2,4,9
SXVL04A,SCOL,PD63000914,FS63-001571,OT,21HM200-3,Manual,200,200,199.2,0.8,2.1,0.4,Pass,22.946,"2,566.79",702.386,0,"3,269.18",2/4/2020,15/4/2020,1,14,36
SXVLD01A,SCOL,PD63001447,FS63-002544,OT,21HM10-1,Manual,5,5,4.8,0.2,3.1,4,Fail,13.634,95.879,181.378,0,277.257,24/4/2020,28/4/2020,1,5,5
